-- --------------------------------------------------------
-- Host:                         myorders.db.11874827.hostedresource.com
-- Server version:               5.0.96-log - MySQL Community Server (GPL)
-- Server OS:                    unknown-linux-gnu
-- HeidiSQL Version:             9.3.0.5115
-- --------------------------------------------------------

/*!40101 SET @OLD_CHARACTER_SET_CLIENT=@@CHARACTER_SET_CLIENT */;
/*!40101 SET NAMES utf8 */;
/*!40014 SET @OLD_FOREIGN_KEY_CHECKS=@@FOREIGN_KEY_CHECKS, FOREIGN_KEY_CHECKS=0 */;
/*!40101 SET @OLD_SQL_MODE=@@SQL_MODE, SQL_MODE='NO_AUTO_VALUE_ON_ZERO' */;


-- Dumping database structure for myorders
CREATE DATABASE IF NOT EXISTS `myorders` /*!40100 DEFAULT CHARACTER SET utf8 */;
USE `myorders`;

-- Dumping structure for table myorders.admin
CREATE TABLE IF NOT EXISTS `admin` (
  `id` int(10) NOT NULL auto_increment,
  `name` varchar(50) NOT NULL,
  `loginID` varchar(50) NOT NULL,
  `password` varchar(100) NOT NULL,
  `logintype` varchar(50) NOT NULL,
  PRIMARY KEY  (`id`)
) ENGINE=InnoDB AUTO_INCREMENT=3 DEFAULT CHARSET=latin1;

-- Dumping data for table myorders.admin: ~2 rows (approximately)
/*!40000 ALTER TABLE `admin` DISABLE KEYS */;
INSERT IGNORE INTO `admin` (`id`, `name`, `loginID`, `password`, `logintype`) VALUES
	(1, 'eric', 'customer', 'test', 'customer'),
	(2, 'ijaz', 'cashier', 'test', 'cashier');
/*!40000 ALTER TABLE `admin` ENABLE KEYS */;

-- Dumping structure for table myorders.categories
CREATE TABLE IF NOT EXISTS `categories` (
  `CategoryID` int(11) NOT NULL auto_increment,
  `CategoryName` varchar(50) NOT NULL,
  `CategoryNote` varchar(100) NOT NULL,
  `OrderID` int(11) NOT NULL default '0',
  PRIMARY KEY  (`CategoryID`)
) ENGINE=MyISAM AUTO_INCREMENT=10 DEFAULT CHARSET=utf8;

-- Dumping data for table myorders.categories: 8 rows
/*!40000 ALTER TABLE `categories` DISABLE KEYS */;
INSERT IGNORE INTO `categories` (`CategoryID`, `CategoryName`, `CategoryNote`, `OrderID`) VALUES
	(1, 'Dessert', '', 2),
	(2, 'Beverages', '', 1),
	(3, 'Lunch & Dinner', '**All plates are served with 2 choices: coleslaw OR potato salad OR rice** ', 0),
	(4, 'Appetizers', '', 3),
	(5, 'Others', '', 4),
	(6, 'Side Orders', '', 5),
	(8, 'Soda', 'type of soda', 0),
	(9, 'Curry type', '', 7);
/*!40000 ALTER TABLE `categories` ENABLE KEYS */;

-- Dumping structure for table myorders.customers
CREATE TABLE IF NOT EXISTS `customers` (
  `cID` int(11) NOT NULL auto_increment,
  `cName` varchar(200) NOT NULL,
  `cPhone` varchar(200) NOT NULL,
  `cEmail` varchar(200) NOT NULL,
  `cCountry` varchar(200) NOT NULL,
  `cCity` varchar(200) NOT NULL,
  `cZip` int(11) NOT NULL,
  `cDateAdded` timestamp NOT NULL default CURRENT_TIMESTAMP,
  `cItemPrefered` int(11) NOT NULL default '1',
  `counter` tinyint(11) unsigned NOT NULL default '0',
  PRIMARY KEY  (`cID`)
) ENGINE=MyISAM AUTO_INCREMENT=55 DEFAULT CHARSET=utf8;

-- Dumping data for table myorders.customers: 29 rows
/*!40000 ALTER TABLE `customers` DISABLE KEYS */;
INSERT IGNORE INTO `customers` (`cID`, `cName`, `cPhone`, `cEmail`, `cCountry`, `cCity`, `cZip`, `cDateAdded`, `cItemPrefered`, `counter`) VALUES
	(25, 'test', '123123123', 'test@test.test', 'uhi', 'hiuhi', 0, '2013-10-07 13:44:57', 1, 3),
	(26, 'et  ', '18085541582', '', 'US', 'HONOLULU', 96825, '2013-10-07 16:56:39', 1, 4),
	(28, 'ERIC Y  TANG', '', '', '', '', 0, '2013-11-11 08:30:32', 1, 0),
	(29, '', '1234', '', '', '', 0, '2013-11-13 08:05:07', 1, 0),
	(30, '', '18085541764', '', 'US', 'HONOLULU', 96825, '2013-11-21 00:02:10', 1, 4),
	(31, '', '15034812365', '', 'US', 'PORTLAND', 97281, '2013-11-28 16:37:08', 1, 0),
	(32, 'mike', '6027913519', '', '', '', 0, '2013-12-03 05:55:05', 1, 0),
	(33, '', '18086758579', '', 'US', 'WAIPAHU', 96813, '2013-12-03 11:33:32', 1, 0),
	(34, '', '18086758576', '', 'US', 'WAIPAHU', 96813, '2013-12-19 10:08:22', 1, 1),
	(35, '', '0000', '', '', '', 0, '2014-01-21 02:05:44', 1, 0),
	(36, '', ' 40771101268', '', '', '', 0, '2014-01-21 02:14:42', 1, 0),
	(37, '', '0040771101268', '', '', '', 0, '2014-01-21 02:14:54', 1, 0),
	(38, '', ' 16029046356', '', '', '', 0, '2014-01-21 02:18:23', 1, 0),
	(39, '', '16029046356', '', 'US', 'PHOENIX', 85021, '2014-01-21 02:18:23', 1, 0),
	(40, '', '18083522580', '', 'US', 'HONOLULU', 96813, '2014-02-01 22:39:15', 1, 0),
	(41, '', '16027913519', '', 'US', 'PHOENIX', 85255, '2014-02-14 13:05:07', 1, 0),
	(42, '', '18085619421', '', 'US', 'HONOLULU', 96824, '2014-03-08 11:54:37', 1, 0),
	(43, '', '16025054850', '', 'US', 'PHOENIX', 85308, '2014-03-10 10:34:40', 1, 0),
	(44, '', '17194593070', '', 'US', 'COLORADO SPRINGS', 80907, '2014-03-15 07:57:20', 1, 0),
	(45, '', ' 40767412089', '', '', '', 0, '2014-03-24 10:31:12', 1, 0),
	(46, '', '0040767412089', '', '', '', 0, '2014-03-24 10:31:23', 1, 0),
	(47, '', '1234123123123', '', '', '', 0, '2014-03-24 10:33:06', 1, 0),
	(48, '', '16029891022', '', 'US', 'PHOENIX', 85306, '2014-04-10 13:35:21', 1, 1),
	(49, '', '19724395805', '', 'US', 'MC KINNEY', 75006, '2014-05-08 11:38:56', 1, 0),
	(50, '', '16026350715', '', 'US', 'PHOENIX', 85204, '2014-11-21 16:00:16', 1, 0),
	(51, '', '16025162641', '', 'US', 'TEMPE', 85282, '2014-11-27 11:46:16', 1, 0),
	(52, '', '16024481615', '', 'US', 'PHOENIX', 85215, '2015-03-25 10:42:06', 1, 0),
	(53, '', '18082801877', '', 'US', 'WAILUKU', 96790, '2015-05-16 12:58:16', 1, 0),
	(54, '', '17809057041', '', 'CA', 'EDMONTON', 0, '2015-10-04 17:24:21', 1, 0);
/*!40000 ALTER TABLE `customers` ENABLE KEYS */;

-- Dumping structure for table myorders.indoor_orders
CREATE TABLE IF NOT EXISTS `indoor_orders` (
  `orderID` bigint(20) unsigned NOT NULL auto_increment,
  `itemID` varchar(20) NOT NULL,
  `cookWith` varchar(100) NOT NULL,
  `itemOrder` varchar(500) NOT NULL,
  `quantity` varchar(20) NOT NULL,
  `employeeID` varchar(50) NOT NULL,
  `bill` double NOT NULL,
  `paid` varchar(10) NOT NULL,
  `orderDate` varchar(50) NOT NULL,
  `late` varchar(10) NOT NULL,
  `tax` float NOT NULL,
  `min` int(11) NOT NULL,
  UNIQUE KEY `orderID` (`orderID`)
) ENGINE=InnoDB AUTO_INCREMENT=57 DEFAULT CHARSET=latin1;

-- Dumping data for table myorders.indoor_orders: ~49 rows (approximately)
/*!40000 ALTER TABLE `indoor_orders` DISABLE KEYS */;
INSERT IGNORE INTO `indoor_orders` (`orderID`, `itemID`, `cookWith`, `itemOrder`, `quantity`, `employeeID`, `bill`, `paid`, `orderDate`, `late`, `tax`, `min`) VALUES
	(1, '0', ',Rice & Coleslaw &,Rice & Mac Salad &,&,Rice & Mac Salad & coke,Rice & Mac Salad & ok', '', ',1,1,1,1,1', '', 41.52, 'No', '2015-10-06 04:58:29', '0', 3.18, 5),
	(2, '0', ',Rice & Coleslaw &,Rice & Mac Salad &,&,Rice & Mac Salad & coke,Rice & Mac Salad & ok', '', ',1,1,1,1,1', 'eric', 41.52, 'No', '2015-10-06 04:59:15', '0', 3.18, 0),
	(3, '0', ',Rice & Coleslaw &,Rice & Mac Salad &,&,Rice & Mac Salad & coke,Rice & Mac Salad & ok', '', ',1,1,1,1,1', '', 41.52, 'No', '2015-10-06 05:02:41', '0', 3.18, 0),
	(4, '0', ',Rice & Coleslaw &,Rice & Mac Salad &,&,Rice & Mac Salad & coke,Rice & Mac Salad & ok', '', ',1,1,1,1,1', 'eric', 41.52, 'No', '2015-10-06 05:02:58', '0', 3.18, 0),
	(5, '0', ',Rice & Coleslaw &,Rice & Mac Salad &,&,Rice & Mac Salad & coke,Rice & Mac Salad & ok', '', ',1,1,2,1,1', 'eric', 50.13, 'No', '2015-10-06 05:11:24', '0', 3.84, 10),
	(6, '0', ',Rice & Coleslaw &,Rice & Mac Salad &,&,Rice & Mac Salad & coke,Rice & Mac Salad & ok', '', ',1,1,2,1,1', 'eric', 50.13, 'No', '2015-10-06 05:14:36', '0', 3.84, 5555),
	(7, ',2,34,35,38,1', ',Rice & Coleslaw &,Rice & Mac Salad &,&,Rice & Mac Salad & coke,Rice & Mac Salad & ok', '', ',1,1,2,1,1', 'eric', 50.13, 'No', '2015-10-06 09:05:51', '0', 3.84, 6),
	(8, ',2,34,35,38,1', ',Rice & Coleslaw &,Rice & Mac Salad &,&,Rice & Mac Salad & coke,Rice & Mac Salad & ok', '', ',1,1,2,1,1', 'eric', 50.13, 'Yes', '2015-10-06 09:49:27', 'Yes', 3.84, 54),
	(9, ',2,34,35,38,1', ',Rice & Coleslaw &,Rice & Mac Salad &,&,Rice & Mac Salad & coke,Rice & Mac Salad & ok', ',LemonGrass Chicken,Mix Veges in special sauce,Kal', ',1,1,2,1,1', 'eric', 50.13, 'Yes', '2015-10-06 09:53:43', 'Yes', 3.84, 45),
	(10, ',2,34,35,38,1', ',Rice & Coleslaw &,Rice & Mac Salad &,&,Rice & Mac Salad & coke,Rice & Mac Salad & ok', ',LemonGrass Chicken,Mix Veges in special sauce,Kalua Pork,Kalbi,Chicken with special sauce', ',1,1,2,1,1', 'eric', 50.13, 'Yes', '2015-10-06 09:57:44', 'No', 3.84, 554),
	(11, ',34,2', ',Mac Salad & Coleslaw & coke,Rice & Mac Salad & be quick', ',Mix Veges in special sauce,LemonGrass Chicken', ',adzcd c,bs adasd', 'eric', 14.57, 'Yes', '2015-10-06 22:34:51', 'Yes', 1.12, 21),
	(12, ',34,2', ',Mac Salad & Coleslaw & coke,Rice & Mac Salad & be quick', ',Mix Veges in special sauce,LemonGrass Chicken', ',1,1', 'eric', 14.57, 'No', '2015-10-07 03:09:08', '0', 1.12, 10),
	(13, ',34,2', ',Mac Salad & Coleslaw & coke,Rice & Mac Salad & be quick', ',Mix Veges in special sauce,LemonGrass Chicken', ',1,1', 'eric', 14.57, 'No', '2015-10-07 03:13:47', '0', 1.12, 41),
	(14, ',34,2', ',Mac Salad & Coleslaw & coke,Rice & Mac Salad & be quick', ',Mix Veges in special sauce,LemonGrass Chicken', ',1,1', '', 14.57, 'No', '2015-10-07 05:13:06', '0', 1.12, 2),
	(15, ',34,2', ',Mac Salad & Coleslaw & coke,Rice & Mac Salad & be quick', ',Mix Veges in special sauce,LemonGrass Chicken', ',1,1', 'eric', 14.57, 'Yes', '2015-10-07 05:16:30', 'No', 1.12, 5),
	(16, ',34,2', ',Mac Salad & Coleslaw & coke,Rice & Mac Salad & be quick', ',Mix Veges in special sauce,LemonGrass Chicken', ',1,1', '', 14.57, 'No', '2015-10-07 05:23:23', '0', 1.12, 5),
	(17, ',34,2', ',Mac Salad & Coleslaw & coke,Rice & Mac Salad & be quick', ',Mix Veges in special sauce,LemonGrass Chicken', ',1,1', '', 14.57, 'No', '2015-10-07 05:25:13', '0', 1.12, 0),
	(18, ',34,2', ',Mac Salad & Coleslaw & coke,Rice & Mac Salad & be quick', ',Mix Veges in special sauce,LemonGrass Chicken', ',1,1', '', 14.57, 'No', '2015-10-07 05:34:22', '0', 1.12, 6),
	(19, ',34,2', ',Mac Salad & Coleslaw & coke,Rice & Mac Salad & be quick', ',Mix Veges in special sauce,LemonGrass Chicken', ',1,1', '', 14.57, 'Yes', '2015-10-07 05:37:02', 'Yes', 1.12, 5),
	(20, ',34,2', ',Mac Salad & Coleslaw & coke,Rice & Mac Salad & be quick', ',Mix Veges in special sauce,LemonGrass Chicken', ',1,1', '', 14.57, 'Yes', '2015-10-07 05:38:01', 'Yes', 1.12, 5),
	(21, ',33,35', ',new,Coleslaw & new', ',Tofu in special sauce,Kalua Pork', ',1,1', '', 15.92, 'Yes', '2015-10-07 08:58:17', 'Yes', 1.22, 12),
	(22, ',33,63', ',,Red &', ',Tofu in special sauce,Thai Curry veggies', ',1,1', '', 17.06, 'Yes', '2015-10-07 23:05:56', 'No', 1.31, 12),
	(23, ',3,1', ',Coleslaw &,Rice & Mac Salad &', ',Shrimp with special sauce,Chicken with special sauce', ',1,1', 'eric', 18.35, 'Yes', '2015-10-08 05:16:27', 'No', 1.41, 87),
	(24, ',1', ',Coleslaw & ok', ',Chicken with special sauce', ',1', 'eric', 7.53, 'Yes', '2015-10-09 03:18:27', 'No', 0.58, 8),
	(25, ',37', ',&', ',Kahuku shrimp', ',1', '', 10.82, 'No', '2015-10-19 05:03:14', 'Yes', 0.83, 4555),
	(26, ',38', ',&', ',Kalbi', ',1', '', 10.82, 'Yes', '2015-10-19 05:38:02', 'No', 0.83, 45555555),
	(27, '', '', '', '', '', 0, 'No', '2015-10-19 05:51:06', '0', 0, 0),
	(28, '', '', '', '', '', 0, 'No', '2015-10-19 05:54:20', '0', 0, 0),
	(29, '', '', '', '', '', 0, 'No', '2015-10-19 05:54:23', 'Yes', 0, 0),
	(30, ',4', ',&', ',Mahi with special sauce', ',1', '', 9.74, 'Yes', '2015-10-19 06:43:59', 'Yes', 0.75, 20),
	(38, '', ',', ',', ',', '', 0, 'No', '2015-10-21 01:50:41', '0', 0, 8),
	(39, '', ',', ',', ',', '', 0, 'No', '2015-10-21 01:52:21', '0', 0, 0),
	(40, '', '', '', '', '', 0, 'No', '2015-10-21 03:35:50', '0', 0, 0),
	(41, '', '', '', '', '', 0, 'No', '2015-10-21 04:00:13', '0', 0, 8),
	(42, '', '', '', '', '', 0, 'No', '2015-10-21 04:04:54', '0', 0, 55),
	(43, '', '', '', '', '', 0, 'No', '2015-10-21 04:05:50', '0', 0, 0),
	(44, '', ',Rice & Mac Salad &', ',Chicken with special sauce', ',1', '', 7.53, 'No', '2015-10-21 04:12:34', '0', 0.58, 0),
	(45, ',37', ',Mac Salad & Coleslaw &', ',Kahuku shrimp', ',1', '', 10.82, 'No', '2015-10-21 04:16:27', '0', 0.83, 8),
	(46, ',1', ',Mac Salad &', ',Chicken with special sauce', ',1', 'eric', 7.53, 'Yes', '2015-10-21 04:36:20', 'Yes', 0.58, 7),
	(47, ',1,36', ',Mac Salad &,Mac Salad & Coleslaw &', ',Chicken with special sauce,Pineapple chicken', ',1,1', 'eric', 16.14, 'Yes', '2015-10-21 04:39:07', 'Yes', 1.24, 88),
	(48, ',1,36', ',Mac Salad &,Mac Salad & Coleslaw &', ',Chicken with special sauce,Pineapple chicken', ',1,1', 'eric', 16.14, 'Yes', '2015-10-21 04:42:55', 'No', 1.24, 77),
	(49, ',33', ',be quick', ',Tofu in special sauce', ',1', 'eric', 7.31, 'Yes', '2015-10-27 09:40:10', 'No', 0.56, 5),
	(50, ',1,2,3', ',Rice & test 1,Mac Salad & test 2,Coleslaw & test 3', ',Chicken with special sauce,LemonGrass Chicken,Shrimp with special sauce', ',1,1,1', 'eric', 25.87, 'Yes', '2015-10-27 09:48:24', '0', 1.98, 8),
	(51, ',1', ',Rice & test', ',Chicken with special sauce', ',1', 'eric', 7.53, 'Yes', '2015-10-28 09:44:01', 'Yes', 0.58, 5),
	(52, ',1', ',& test', ',Chicken with special sauce', ',1', 'eric', 7.53, 'Yes', '2015-10-29 12:22:35', '0', 0.58, 5),
	(53, ',3', ',Mac Salad & Coleslaw &', ',Shrimp with special sauce', ',1', 'eric', 10.82, 'Yes', '2015-10-29 23:47:25', 'Yes', 0.83, 3),
	(54, ',2', ',Mac Salad &', ',LemonGrass Chicken', ',1', 'eric', 7.53, 'Yes', '2015-11-03 10:42:55', 'No', 0.58, 3),
	(55, ',38,35', ',&,Rice & Mac Salad &', ',Kalbi,Kalua Pork', ',1,1', 'eric', 19.43, 'No', '2015-11-03 10:50:06', '0', 1.49, 20),
	(56, ',38,35', ',&,Rice & Mac Salad &', ',Kalbi,Kalua Pork', ',1,1', 'eric', 19.43, 'No', '2015-11-03 10:53:44', '0', 1.49, 0);
/*!40000 ALTER TABLE `indoor_orders` ENABLE KEYS */;

-- Dumping structure for table myorders.items
CREATE TABLE IF NOT EXISTS `items` (
  `itemID` int(11) NOT NULL auto_increment,
  `categoryID` int(11) NOT NULL,
  `itemName` varchar(50) NOT NULL,
  `itemDescription` varchar(150) NOT NULL,
  `itemPrice` float(4,2) NOT NULL,
  `itemCode` int(11) NOT NULL default '0',
  `itemImage` varchar(200) NOT NULL,
  `itemAudio` varchar(555) NOT NULL,
  `sideOrderCat` int(11) NOT NULL default '0',
  `sideOrderLimit` int(11) NOT NULL default '1',
  PRIMARY KEY  (`itemID`)
) ENGINE=MyISAM AUTO_INCREMENT=95 DEFAULT CHARSET=utf8;

-- Dumping data for table myorders.items: 58 rows
/*!40000 ALTER TABLE `items` DISABLE KEYS */;
INSERT IGNORE INTO `items` (`itemID`, `categoryID`, `itemName`, `itemDescription`, `itemPrice`, `itemCode`, `itemImage`, `itemAudio`, `sideOrderCat`, `sideOrderLimit`) VALUES
	(1, 3, 'Chicken with special sauce', 'Bite size chicken breast meat stirred fried with special sauce.', 6.95, 1, 'a.jpg', 'myRecording1.wav', 6, 2),
	(2, 3, 'LemonGrass Chicken', 'Same as item 1 but more lemon grass spice added.', 6.95, 2, 'a.jpg', 'myRecording2.wav', 6, 2),
	(3, 3, 'Shrimp with special sauce', 'Shrimp with shells removed and stirred fried with special sauce.', 9.99, 3, 'c.jpg', '', 6, 2),
	(4, 3, 'Mahi with special sauce', 'Bite size fish stirred fried with special sauce.', 8.99, 4, '', '', 6, 2),
	(42, 3, 'Curry Katsu', '', 8.50, 14, 'n.jpg', '', 6, 2),
	(43, 3, 'Curry Katsu+cheese', '', 9.50, 15, 'o.jpg', '', 6, 2),
	(44, 3, 'Mahi Fried', '', 8.99, 16, '', '', 6, 2),
	(45, 3, 'TeriChicken', '', 7.50, 17, 'p.jpg', 'baasheep2.wav', 6, 2),
	(46, 3, 'NinjaBowl', '', 5.99, 18, 'q.jpg', '', 0, 0),
	(47, 3, 'NinjaBowl+bacon', '', 6.99, 19, 'q.jpg', '', 0, 0),
	(48, 3, 'Philly cheese steak', '', 5.99, 20, '', '', 0, 0),
	(49, 2, 'Can Soda', '', 0.79, 100, '', '', 8, 1),
	(50, 2, 'Hot Tea (Lipton)', '', 1.39, 101, '', '', 0, 1),
	(52, 2, 'Hawaiian Sun Juice', '', 1.59, 103, '', '', 0, 1),
	(51, 2, 'Bottle Water', '', 1.00, 102, '', '', 0, 1),
	(41, 3, 'Chicken Katsu', '', 7.95, 13, 'm.jpg', '', 6, 2),
	(39, 3, 'LocoMoco', '', 6.99, 11, 'k.jpg', '', 0, 0),
	(40, 3, 'TeriBeef', '', 8.99, 12, '', '', 6, 2),
	(38, 3, 'Kalbi', 'Hawaiian style korean kalbi with boneless short ribs. ', 9.99, 10, 'j.jpg', '', 6, 2),
	(37, 3, 'Kahuku shrimp', 'Un-shelled shrimp stirred fried on butter, garlic and special chilli sauce.', 9.99, 9, 'i.jpg', '', 6, 2),
	(36, 3, 'Pineapple chicken', 'Bite size chicken breast meat deep fried and served with pineapple sauce.', 7.95, 8, 'h.jpg', '', 6, 2),
	(35, 3, 'Kalua Pork', 'Hawaiian style pull pork.', 7.95, 7, 'kalua pork.jpg', 'myRecording7.wav', 6, 2),
	(34, 3, 'Mix Veges in special sauce', 'Cabbage, onions, broccoli, carrots slices and celery stirred fried with special sauce.', 6.50, 6, 'f.jpg', '', 6, 2),
	(33, 3, 'Tofu in special sauce', 'Bite size tofu stirred fried with special sauce.', 6.75, 5, 'e.jpg', '', 0, 1),
	(55, 3, 'Spam musubi', '', 2.50, 21, 'u.jpg', '', 0, 0),
	(57, 3, 'Bento', '', 7.95, 23, '', '', 6, 2),
	(58, 3, 'Pineapple Fried Rice w/BBQ Chicken', '', 7.50, 30, '', '', 0, 0),
	(59, 3, 'Pineapple Fried Rice w/Garlic Shrimp', '', 9.50, 31, '', '', 0, 0),
	(62, 3, 'Thai Curry chicken', '', 9.00, 40, '', '', 9, 1),
	(63, 3, 'Thai Curry veggies', '', 9.00, 41, '', '', 9, 1),
	(65, 4, 'Veggies Spring Rolls', '', 3.99, 91, '', '', 0, 1),
	(66, 5, 'BBQ Chicken Salad', '', 5.50, 200, '', '', 0, 0),
	(69, 6, 'Coleslaw', '', 1.50, 203, '', '', 0, 1),
	(70, 1, 'Haupia Cake', '', 2.75, 300, '', '', 0, 1),
	(71, 1, 'Brownie Haupia', '', 2.75, 301, '', '', 0, 1),
	(72, 1, 'Cheesecake', '', 2.75, 302, '', '', 0, 1),
	(73, 1, 'Chocolate Moussecake', '', 2.75, 303, '', '', 0, 1),
	(74, 2, 'Fountain Soda (L)', '', 1.59, 104, '', '', 0, 1),
	(75, 2, 'Fountain soda(M)', '', 1.39, 105, '', '', 0, 1),
	(76, 2, 'Thai Ice Tea', '', 2.50, 106, '', '', 0, 1),
	(77, 2, 'Vietnamese Ice Coffee', '', 2.79, 107, '', '', 0, 1),
	(78, 1, 'Pineapple Li Hing Mui', '', 2.75, 304, '', '', 0, 1),
	(79, 2, 'Ice Tea', '', 1.59, 108, '', '', 0, 1),
	(80, 5, 'Catering service deposit', '', 90.00, 99, '', '', 0, 1),
	(81, 2, 'Coffee (M)', '', 1.39, 109, '', '', 0, 1),
	(82, 6, 'Rice', '', 1.00, 82, '', '', 0, 1),
	(83, 6, 'Mac Salad', 'Macaroni Salad', 1.50, 83, '', '', 0, 1),
	(84, 8, 'Coke', '', 0.79, 120, '', '', 0, 1),
	(85, 8, '7Up', '', 0.79, 121, '', '', 0, 1),
	(86, 8, 'Pepsi', '', 0.79, 122, '', '', 0, 1),
	(87, 8, 'DrPep', '', 0.79, 123, '', '', 0, 1),
	(88, 9, 'Red', '', 0.00, 501, '', '', 0, 1),
	(89, 9, 'Green', '', 0.00, 502, '', '', 0, 1),
	(90, 9, 'Yellow', '', 0.00, 503, '', '', 0, 1),
	(91, 3, 'Thai curry Tofu', '', 9.00, 42, '', '', 9, 1),
	(92, 3, 'Thai curry shrimp', '', 11.00, 43, '', '', 9, 1),
	(93, 3, 'Thai curry fish', '', 11.00, 44, '', '', 9, 1),
	(94, 2, 'Coffee (L)', '', 1.59, 110, '', '', 0, 1);
/*!40000 ALTER TABLE `items` ENABLE KEYS */;

-- Dumping structure for table myorders.menu
CREATE TABLE IF NOT EXISTS `menu` (
  `menuID` int(11) NOT NULL auto_increment,
  `menuName` varchar(200) NOT NULL,
  `menuPhone` varchar(200) NOT NULL,
  `menuAddress` varchar(200) NOT NULL,
  `menuCity` varchar(200) NOT NULL,
  `menuZip` int(11) NOT NULL,
  PRIMARY KEY  (`menuID`)
) ENGINE=MyISAM DEFAULT CHARSET=utf8;

-- Dumping data for table myorders.menu: 0 rows
/*!40000 ALTER TABLE `menu` DISABLE KEYS */;
/*!40000 ALTER TABLE `menu` ENABLE KEYS */;

-- Dumping structure for table myorders.orders
CREATE TABLE IF NOT EXISTS `orders` (
  `orderID` int(11) NOT NULL auto_increment,
  `phoneNumber` varchar(50) NOT NULL,
  `itemID` int(11) NOT NULL,
  `cookWith` varchar(500) NOT NULL,
  `sideOrder` varchar(555) NOT NULL,
  `quantity` int(11) NOT NULL default '1',
  `dateOrdered` timestamp NOT NULL default CURRENT_TIMESTAMP,
  PRIMARY KEY  (`orderID`)
) ENGINE=MyISAM AUTO_INCREMENT=590 DEFAULT CHARSET=utf8;

-- Dumping data for table myorders.orders: 74 rows
/*!40000 ALTER TABLE `orders` DISABLE KEYS */;
INSERT IGNORE INTO `orders` (`orderID`, `phoneNumber`, `itemID`, `cookWith`, `sideOrder`, `quantity`, `dateOrdered`) VALUES
	(403, '6028027785', 1, 'Rice & Mac Salad & Rice & Mac Salad &', '82,83', 2, '2015-10-21 17:35:14'),
	(393, '12345678901', 5, '', '', 1, '2015-10-17 15:41:36'),
	(402, '6028027785', 17, 'Rice & Mac Salad & pick up at 6 pm thank you Rice & Mac Salad & pick up at 6 pm thank you', '82,83', 2, '2015-10-21 17:35:14'),
	(401, 'testing', 2, '&', '', 2, '2015-10-20 22:37:49'),
	(580, '6614441151', 23, 'Rice &', '82', 1, '2016-09-01 13:26:02'),
	(387, '8312123573', 6, 'Rice &', '82', 1, '2015-10-13 15:13:04'),
	(386, '8312123573', 91, '', '', 1, '2015-10-13 15:13:04'),
	(385, '8312123573', 40, 'Yellow &', '90', 1, '2015-10-13 15:13:04'),
	(375, '123', 4, 'Mac Salad & test2', '83', 1, '2015-10-08 22:32:14'),
	(373, '035765558666', 1, 'Coleslaw & ok Coleslaw & ok', '69', 2, '2015-10-08 21:59:52'),
	(374, '123', 1, 'Rice & Mac Salad & test1', '82,83', 1, '2015-10-08 22:32:14'),
	(218, '6023502331', 16, 'Rice & Mac Salad &', '82,83', 1, '2014-12-29 12:40:11'),
	(194, '65895', 2, 'Potato Salad & Coleslaw & ww', '68,69', 1, '2014-12-23 07:07:28'),
	(74, '9988777', 1, 'Rice & Mac Salad & test', '82,83', 1, '2014-12-11 07:39:36'),
	(129, '55555555', 1, 'Rice & Mac Salad & test', '82,83', 1, '2014-12-15 05:06:41'),
	(331, '6027157031', 42, 'Red & add veggies', '88', 1, '2015-04-24 10:56:07'),
	(467, 'test1', 1, 'Rice & test1', '82', 1, '2016-01-25 09:31:18'),
	(330, '6027157031', 9, 'Rice & Coleslaw &', '82,69', 1, '2015-04-24 10:56:07'),
	(329, '16027913519', 7, 'are u open at', '', 0, '2015-04-23 07:21:12'),
	(582, '3212681677', 2, 'Rice & Mac Salad & it will be testey', '82,83', 1, '2016-09-04 07:29:38'),
	(413, '1234567890', 1110, 'nothing', 'nothing', 0, '2015-10-21 17:35:14'),
	(410, 'testiing', 3, 'Mac Salad & Coleslaw & Mac Salad & Coleslaw &', '83,69', 2, '2015-10-30 05:34:30'),
	(313, '14802380233', 1, 'Rice & Mac Salad &', '82,83', 1, '2015-02-24 11:26:37'),
	(581, '6236708409', 1, 'Rice &', '82', 1, '2016-09-02 13:01:46'),
	(250, '480-622-2750', 1, 'Potato Salad & Coleslaw &', '68,69', 1, '2015-02-05 11:25:42'),
	(249, '480-622-2750', 3, 'Rice & Mac Salad &', '82,83', 1, '2015-02-05 11:25:42'),
	(247, 'erictest', 1, 'Rice & Rice &', '82', 2, '2015-01-14 15:30:19'),
	(334, '4802762900', 2, 'Rice & Mac Salad &', '82,83', 1, '2015-06-25 18:46:56'),
	(384, '8312123573', 18, '', '', 1, '2015-10-13 15:13:04'),
	(336, '16235654876', 3, 'Mac Salad & Coleslaw &', '83,69', 1, '2015-07-14 11:21:32'),
	(337, '16235654876', 8, 'Mac Salad & Coleslaw & Allergic to dairy!', '83,69', 1, '2015-07-14 11:21:32'),
	(383, '6235870421', 13, 'Rice &', '82', 1, '2015-10-13 10:25:05'),
	(379, 'test4', 11, '  ', '', 3, '2015-10-09 10:26:07'),
	(380, '25563163022358', 8, 'Rice & Coleslaw &', '82,69', 1, '2015-10-12 04:55:18'),
	(382, '525585285528', 3, 'Rice & Mac Salad &', '82,83', 1, '2015-10-13 01:28:11'),
	(420, '5073824515', 14, 'Rice & Coleslaw &', '82,69', 1, '2015-11-16 13:02:27'),
	(367, '008246844123667', 10, 'Rice & Mac Salad & check Rice & Mac Salad & check', '82,83', 2, '2015-09-29 00:02:10'),
	(369, '008246844123667', 4, 'Rice & Mac Salad &', '82,83', 1, '2015-09-29 00:46:52'),
	(421, '5073824515', 15, 'Rice & Coleslaw & spicy', '82,69', 1, '2015-11-16 13:02:27'),
	(371, 'undefined', 16, 'Rice & Mac Salad &', '82,83', 1, '2015-10-02 11:34:03'),
	(428, 'jjjjjjjjj', 1, 'Rice & Mac Salad &', '82,83', 1, '2015-12-08 13:06:27'),
	(429, 'jjjjjjjjj', 1, 'Rice & Mac Salad & hi', '82,83', 1, '2015-12-08 13:06:27'),
	(445, 'Indoor', 3, 'Rice & Mac Salad & none', '82,83', 1, '2015-12-11 23:30:52'),
	(440, '9814235647', 4, 'Rice & test', '82', 1, '2015-12-11 22:51:04'),
	(444, 'Indoor', 1, 'Rice & Rice &', '82', 2, '2015-12-11 23:28:40'),
	(439, '9814235647', 3, 'Rice & test', '82', 1, '2015-12-11 22:51:04'),
	(443, 'Indoor', 3, 'Rice & Mac Salad & none Rice & Mac Salad & none', '82,83', 2, '2015-12-11 23:05:18'),
	(446, '6023597938', 18, '', '', 1, '2015-12-12 11:58:22'),
	(466, 'test1', 1, 'Rice & test1 Rice & test1', '82', 2, '2016-01-25 09:30:21'),
	(579, '6614441151', 20, 'Just Peppers, Cheese, and steak please. No onions.', '', 1, '2016-09-01 13:26:02'),
	(577, '6614441151', 7, 'Rice & Rice', '82', 1, '2016-09-01 13:26:02'),
	(451, '9515959363', 18, '', '', 1, '2015-12-18 09:56:20'),
	(573, '6025611128', 30, '', '', 1, '2016-08-27 12:38:47'),
	(588, '12345667', 2, 'Mac Salad &', '83', 1, '2016-09-05 09:26:51'),
	(578, '6614441151', 17, 'Rice &', '82', 1, '2016-09-01 13:26:02'),
	(556, '6025159758', 18, '', '', 1, '2016-03-31 12:56:13'),
	(555, '6025159758', 18, 'pineapple sauce.', '', 1, '2016-03-31 12:56:13'),
	(553, '6025156625', 13, 'Rice & Mac Salad & Extra sauce on side', '82,83', 1, '2016-03-26 17:39:03'),
	(552, '4802400058', 23, 'Rice & Mac Salad &', '82,83', 1, '2016-03-18 13:49:14'),
	(551, '4802400058', 23, 'Rice & Mac Salad & CHICKEN KATSU AND KALUA PORK', '82,83', 1, '2016-03-18 13:49:14'),
	(540, '7024438201', 106, '', '', 1, '2016-02-24 11:38:04'),
	(541, '7024438201', 13, 'Rice & Mac Salad &', '82,83', 1, '2016-02-24 11:38:04'),
	(532, '9804361575', 7, 'Rice & test', '82', 1, '2016-02-10 14:38:55'),
	(531, '9804361575', 7, 'Rice & test Rice & test', '82', 2, '2016-02-10 14:27:17'),
	(530, '9804361575', 7, 'Rice & test Rice & test', '82', 2, '2016-02-10 14:25:20'),
	(529, '9804361575', 7, 'Rice & test Rice & test', '82', 2, '2016-02-10 14:00:24'),
	(528, '9804361575', 7, 'Rice & test Rice & test', '82', 2, '2016-02-10 13:51:24'),
	(526, '9804361575', 7, 'Rice & test Rice & test', '82', 2, '2016-02-10 13:45:53'),
	(527, '9804361575', 7, 'Rice & test Rice & test', '82', 2, '2016-02-10 13:49:43'),
	(525, '9804361575', 7, 'Rice & test Rice & test', '82', 2, '2016-02-10 13:40:12'),
	(524, '9804361575', 7, 'Rice & test Rice & test', '82', 2, '2016-02-10 13:34:18'),
	(587, '12345667', 11, '', '', 1, '2016-09-05 09:26:51'),
	(586, '12345667', 3, 'Rice &', '82', 1, '2016-09-05 09:26:51'),
	(589, '12345667', 120, '', '', 1, '2016-09-05 09:26:51');
/*!40000 ALTER TABLE `orders` ENABLE KEYS */;

-- Dumping structure for table myorders.ordersPaid
CREATE TABLE IF NOT EXISTS `ordersPaid` (
  `id` int(11) NOT NULL auto_increment,
  `phone` varchar(200) NOT NULL,
  `orderID` int(11) default NULL,
  `itemID` int(11) NOT NULL,
  `cookWith` text NOT NULL,
  `sideOrder` varchar(555) NOT NULL,
  `quantity` int(11) NOT NULL default '1',
  `dateOrdered` datetime NOT NULL,
  `cash` tinyint(1) NOT NULL default '0',
  `orderRead` tinyint(1) NOT NULL default '0',
  `orderCompleted` tinyint(4) NOT NULL default '0' COMMENT 'Completed Order',
  `orderBy` varchar(20) NOT NULL,
  `price` int(11) NOT NULL,
  PRIMARY KEY  (`id`)
) ENGINE=MyISAM AUTO_INCREMENT=707 DEFAULT CHARSET=utf8;

-- Dumping data for table myorders.ordersPaid: 649 rows
/*!40000 ALTER TABLE `ordersPaid` DISABLE KEYS */;
INSERT IGNORE INTO `ordersPaid` (`id`, `phone`, `orderID`, `itemID`, `cookWith`, `sideOrder`, `quantity`, `dateOrdered`, `cash`, `orderRead`, `orderCompleted`, `orderBy`, `price`) VALUES
	(1, '123', 1, 2, 'C B', '', 1, '2013-11-26 14:45:05', 0, 1, 1, '', 0),
	(2, '123', 0, 1, '', '', 3, '2013-11-26 14:45:05', 0, 1, 1, '', 0),
	(3, '18085541582', 0, 3, '', '', 1, '2013-11-26 15:48:32', 0, 1, 1, '', 0),
	(4, '18085541582', 0, 18, '', '', 2, '2013-11-26 15:48:32', 0, 1, 1, '', 0),
	(5, '18085541582', 0, 200, '', '', 1, '2013-12-03 02:42:16', 0, 1, 1, '', 0),
	(6, '18085541582', 0, 100, '', '', 1, '2013-12-03 02:42:16', 0, 1, 1, '', 0),
	(7, '18085541582', 0, 7, '', '', 1, '2013-12-03 02:42:16', 0, 1, 1, '', 0),
	(8, '18085541582', 0, 200, '', '', 1, '2013-12-03 10:55:02', 0, 1, 1, '', 0),
	(9, '18085541582', 0, 100, '', '', 2, '2013-12-03 10:55:02', 0, 1, 1, '', 0),
	(10, '18085541582', 0, 1, '', '', 1, '2013-12-03 10:55:02', 0, 1, 1, '', 0),
	(11, '123', 0, 100, '', '', 1, '2013-12-07 06:35:19', 0, 1, 1, '', 0),
	(12, '123', 0, 1, 'C', '', 1, '2013-12-07 06:35:19', 0, 1, 1, '', 0),
	(13, '123', 0, 7, 'P', '', 1, '2013-12-07 06:35:19', 0, 1, 1, '', 0),
	(14, '18085541582', 0, 100, '', '', 1, '2013-12-10 07:30:18', 0, 1, 1, '', 0),
	(15, '18085541582', 0, 7, 'P', '', 1, '2013-12-10 07:30:18', 0, 1, 1, '', 0),
	(16, '18085541582', 0, 1, 'C', '', 1, '2013-12-10 07:30:18', 0, 1, 1, '', 0),
	(17, '18085541582', 0, 102, '', '', 1, '2013-12-10 07:36:58', 0, 1, 1, '', 0),
	(18, '18085541582', 0, 3, 'P', '', 1, '2013-12-10 07:36:58', 0, 1, 1, '', 0),
	(19, '18085541582', 0, 23, 'KPCKSM', '', 1, '2013-12-10 07:36:58', 0, 1, 1, '', 0),
	(20, '18085541582', 0, 1, '', '', 2, '2014-01-23 04:43:59', 0, 1, 1, '', 0),
	(21, '18085541582', 0, 17, 'C', '', 1, '2014-01-23 04:43:59', 0, 1, 1, '', 0),
	(22, '18085541582', 0, 100, '', '', 1, '2014-01-23 04:43:59', 0, 1, 1, '', 0),
	(23, '18085541582', 0, 3, '', '', 5, '2014-01-23 04:43:59', 0, 1, 1, '', 0),
	(24, '18085541582', 0, 7, 'P', '', 3, '2014-01-23 04:43:59', 0, 1, 1, '', 0),
	(25, '18085541582', 0, 2, '', '', 2, '2014-01-23 04:43:59', 0, 1, 1, '', 0),
	(26, '18085541582', 0, 4, '', '', 2, '2014-01-23 04:43:59', 0, 1, 1, '', 0),
	(27, '18085541582', 0, 5, '', '', 2, '2014-01-23 04:43:59', 0, 1, 1, '', 0),
	(28, '18085541582', 0, 6, '', '', 2, '2014-01-23 04:43:59', 0, 1, 1, '', 0),
	(29, '18085541582', 0, 101, '', '', 1, '2014-01-23 04:43:59', 0, 1, 1, '', 0),
	(30, '18085541582', 0, 102, '', '', 1, '2014-01-23 04:43:59', 0, 1, 1, '', 0),
	(31, '18085541582', 0, 103, '', '', 1, '2014-01-23 04:43:59', 0, 1, 1, '', 0),
	(32, '18085541582', 0, 22, '', '', 1, '2014-01-23 04:43:59', 0, 1, 1, '', 0),
	(33, '18085541582', 0, 23, '', '', 1, '2014-01-23 04:43:59', 0, 1, 1, '', 0),
	(34, '18085541582', 0, 2, 'C', '', 1, '2014-01-24 20:35:47', 0, 1, 1, '', 0),
	(35, '18085541582', 0, 1, 'P', '', 1, '2014-01-24 20:35:47', 0, 1, 1, '', 0),
	(36, '18085541582', 0, 17, 'PHOT', '', 1, '2014-01-24 20:45:18', 0, 1, 1, '', 0),
	(37, '18085541582', 0, 7, 'VEGGIES', '', 1, '2014-01-24 20:45:18', 0, 1, 1, '', 0),
	(38, '18085541582', 0, 10, 'CNOOINION', '', 1, '2014-01-24 21:12:47', 0, 1, 1, '', 0),
	(39, '18085541582', 0, 7, 'P', '', 1, '2014-01-24 21:12:47', 0, 1, 1, '', 0),
	(40, '18085541582', 0, 1, 'POTATOSERACHA', '', 1, '2014-01-24 21:12:47', 0, 1, 1, '', 0),
	(41, '18085541582', 0, 3, ' P', '', 1, '2014-01-29 07:53:51', 0, 1, 1, '', 0),
	(42, '18085541582', 0, 4, ' HOT', '', 1, '2014-01-29 07:53:51', 0, 1, 1, '', 0),
	(43, '18085541582', 0, 2, 'C', '', 1, '2014-01-29 07:53:51', 0, 1, 1, '', 0),
	(44, '18085541582', 0, 1, '', '', 1, '2014-01-29 07:53:51', 0, 1, 1, '', 0),
	(45, '18085541582', 0, 11, 'ABCDEFGGIJKLMNOPRSTUVWXYZ', '', 1, '2014-01-29 08:03:04', 0, 1, 1, '', 0),
	(46, '18085541582', 0, 10, '', '', 2, '2014-01-29 08:03:04', 0, 1, 1, '', 0),
	(47, '18085541582', 0, 11, ' C HOT', '', 1, '2014-01-30 04:46:25', 0, 1, 1, '', 0),
	(48, '18085541582', 0, 10, '', '', 1, '2014-01-30 04:46:25', 0, 1, 1, '', 0),
	(49, '18085541582', 0, 9, '', '', 1, '2014-01-30 04:46:25', 0, 1, 1, '', 0),
	(50, '18085541582', 0, 8, 'ABCDEFGHIJKLMNOPQRSTUVWXYZABCDEFGHIJKLMNOPQRSTUVWXYZ', '', 1, '2014-01-30 04:46:25', 0, 1, 1, '', 0),
	(51, '0000', 0, 2, '', '', 4, '2014-01-30 12:29:32', 1, 1, 1, '', 0),
	(52, '0000', 0, 1, 'P', '', 10, '2014-01-30 12:29:32', 1, 1, 1, '', 0),
	(53, '18085541582', 0, 1, '', '', 1, '2014-01-30 20:42:44', 0, 1, 1, '', 0),
	(54, '18085541582', 0, 3, 'P', '', 1, '2014-01-30 20:51:53', 0, 1, 1, '', 0),
	(55, '18085541582', 0, 17, 'C', '', 1, '2014-01-31 06:11:07', 0, 1, 1, '', 0),
	(56, '0000', 0, 1, '', '', 1, '2014-01-31 07:35:14', 1, 1, 1, '', 0),
	(57, '18085541582', 0, 1, '', '', 1, '2014-01-31 10:40:59', 0, 1, 1, '', 0),
	(58, '18085541764', 0, 17, '', '', 1, '2014-01-31 10:50:18', 1, 1, 1, '', 0),
	(59, '18085541764', 0, 1, '', '', 1, '2014-01-31 10:50:18', 1, 1, 1, '', 0),
	(60, '18085541764', 0, 19, '', '', 1, '2014-01-31 10:50:18', 1, 1, 1, '', 0),
	(61, '18085541764', 0, 7, 'P', '', 1, '2014-01-31 10:50:18', 1, 1, 1, '', 0),
	(62, '18085541764', 0, 23, 'KST', '', 2, '2014-01-31 10:55:57', 1, 1, 1, '', 0),
	(63, '18085541582', 0, 1, ' C', '', 2, '2014-01-31 10:58:47', 0, 1, 1, '', 0),
	(64, '18085541582', 0, 1, 'P  C', '', 2, '2014-01-31 12:29:41', 0, 1, 1, '', 0),
	(65, '0000', 0, 1, 'P  C', '', 2, '2014-01-31 12:32:34', 1, 1, 1, '', 0),
	(66, '18085541582', 0, 1, 'P  C HOT', '', 2, '2014-01-31 12:36:12', 0, 1, 1, '', 0),
	(67, '0000', 0, 1, 'P  C HOT', '', 2, '2014-01-31 12:40:39', 1, 1, 1, '', 0),
	(68, '0000', 0, 1, ' X HOT', '', 1, '2014-01-31 12:44:59', 1, 1, 1, '', 0),
	(69, '0000', 0, 1, 'C', '', 1, '2014-01-31 12:44:59', 1, 1, 1, '', 0),
	(70, '18085541582', 0, 1, ' C HOT', '', 1, '2014-01-31 12:50:20', 0, 1, 1, '', 0),
	(71, '18085541582', 0, 1, 'P', '', 1, '2014-01-31 12:50:20', 0, 1, 1, '', 0),
	(72, '18085541582', 0, 1, 'HOT', '', 1, '2014-02-01 10:43:56', 0, 1, 1, '', 0),
	(73, '18085541582', 0, 1, 'P', '', 1, '2014-02-01 10:43:56', 0, 1, 1, '', 0),
	(74, '18085541582', 0, 2, 'C', '', 1, '2014-02-01 10:43:56', 0, 1, 1, '', 0),
	(75, '18085541582', 0, 1, ' ', '', 2, '2014-02-01 10:43:56', 0, 1, 1, '', 0),
	(76, '18085541764', 0, 18, '', '', 1, '2014-02-01 20:32:24', 1, 1, 1, '', 0),
	(77, '18085541764', 0, 9, '', '', 1, '2014-02-01 20:32:24', 1, 1, 1, '', 0),
	(78, '18085541582', 0, 7, 'in', '', 1, '2014-02-02 18:10:52', 0, 1, 1, '', 0),
	(79, '18085541582', 0, 1, 'p', '', 1, '2014-02-02 18:10:52', 0, 1, 1, '', 0),
	(80, '18085541582', 0, 2, '', '', 1, '2014-02-02 18:10:52', 0, 1, 1, '', 0),
	(81, '18085541582', 0, 1, ' ', '', 2, '2014-02-02 18:10:52', 0, 1, 1, '', 0),
	(82, '18085541582', 0, 7, '', '', 1, '2014-02-04 03:39:06', 0, 1, 1, '', 0),
	(83, '18085541582', 0, 9, '', '', 1, '2014-02-04 03:40:58', 0, 1, 1, '', 0),
	(84, '18085541582', 0, 17, '', '', 1, '2014-02-04 03:48:24', 0, 1, 1, '', 0),
	(85, '18085541582', 2, 2, '', '', 1, '2014-02-04 13:32:21', 0, 1, 1, '', 0),
	(86, '18085541582', 2, 1, '', '', 1, '2014-02-04 13:32:21', 0, 1, 1, '', 0),
	(87, '18085541582', 3, 2, '', '', 1, '2014-02-04 14:28:58', 0, 1, 1, '', 0),
	(88, '18085541582', 3, 1, '', '', 1, '2014-02-04 14:28:58', 0, 1, 1, '', 0),
	(89, '18085541582', 4, 2, '', '', 1, '2014-02-04 21:37:51', 0, 1, 1, '', 0),
	(90, '18085541582', 4, 1, '', '', 1, '2014-02-04 21:37:51', 0, 1, 1, '', 0),
	(91, '18085541582', 5, 3, '', '', 1, '2014-02-04 21:44:00', 0, 1, 1, '', 0),
	(92, '18085541582', 5, 2, '', '', 1, '2014-02-04 21:44:00', 0, 1, 1, '', 0),
	(93, '18085541582', 5, 1, '', '', 1, '2014-02-04 21:44:00', 0, 1, 1, '', 0),
	(94, '18085541582', 6, 1, '', '', 1, '2014-02-05 20:47:58', 0, 1, 1, '', 0),
	(95, '18085541582', 7, 7, '', '', 1, '2014-02-05 20:53:32', 0, 1, 1, '', 0),
	(96, '18085541582', 7, 2, '', '', 1, '2014-02-05 20:53:32', 0, 1, 1, '', 0),
	(97, '18085541582', 7, 1, '', '', 1, '2014-02-05 20:53:32', 0, 1, 1, '', 0),
	(98, '18085541582', 8, 1, '', '', 1, '2014-02-06 07:18:44', 0, 1, 1, '', 0),
	(99, '18085541582', 9, 7, '', '', 1, '2014-02-06 21:30:28', 0, 1, 1, '', 0),
	(100, '18085541582', 9, 2, '', '', 1, '2014-02-06 21:30:28', 0, 1, 1, '', 0),
	(101, '18085541582', 9, 1, '', '', 1, '2014-02-06 21:30:28', 0, 1, 1, '', 0),
	(102, '18085541764', 10, 1, '', '', 1, '2014-02-07 10:14:16', 1, 1, 1, '', 0),
	(103, '18085541764', 11, 2, '', '', 1, '2014-02-07 10:16:17', 1, 1, 1, '', 0),
	(104, '18085541764', 12, 7, '', '', 1, '2014-02-07 10:47:10', 1, 1, 1, '', 0),
	(105, '18085541764', 13, 9, '', '', 1, '2014-02-07 11:37:19', 1, 1, 1, '', 0),
	(106, '18085541764', 14, 9, '', '', 1, '2014-02-07 11:40:31', 1, 1, 1, '', 0),
	(107, '18085541582', 15, 1, '', '', 1, '2014-02-09 19:32:00', 0, 1, 1, '', 0),
	(108, '18085541582', 16, 7, 'eric', '', 1, '2014-02-09 19:35:30', 0, 1, 1, '', 0),
	(109, '18085541582', 16, 2, '', '', 1, '2014-02-09 19:35:30', 0, 1, 1, '', 0),
	(110, '18085541582', 16, 1, '', '', 1, '2014-02-09 19:35:30', 0, 1, 1, '', 0),
	(111, '18085541582', 17, 2, '', '', 1, '2014-02-09 19:41:38', 0, 1, 1, '', 0),
	(112, '18085541582', 18, 1, '', '', 1, '2014-02-10 11:42:53', 0, 1, 1, '', 0),
	(113, '18085541582', 19, 1, '', '', 1, '2014-02-11 06:13:00', 0, 1, 1, '', 0),
	(114, '18085541582', 20, 1, '', '', 1, '2014-02-11 11:38:29', 0, 1, 1, '', 0),
	(115, '18085541582', 21, 2, '', '', 1, '2014-02-11 11:39:35', 0, 1, 1, '', 0),
	(116, '18085541582', 22, 17, '', '', 1, '2014-02-11 12:59:31', 0, 1, 1, '', 0),
	(117, '0000', 23, 1, '   ', '', 4, '2014-02-11 13:07:34', 1, 1, 1, '', 0),
	(118, '0000', 23, 2, 'C', '', 1, '2014-02-11 13:07:34', 1, 1, 1, '', 0),
	(119, '0000', 23, 1, 'P ', '', 2, '2014-02-11 13:07:34', 1, 1, 1, '', 0),
	(120, '0000', 24, 1, '', '', 1, '2014-02-11 13:09:11', 1, 1, 1, '', 0),
	(121, '18085541582', 25, 2, '', '', 1, '2014-02-11 13:11:32', 0, 1, 1, '', 0),
	(122, '18085541582', 26, 1, '', '', 1, '2014-02-11 13:20:17', 0, 1, 1, '', 0),
	(123, '18085541582', 27, 1, '', '', 1, '2014-02-11 13:50:20', 0, 1, 1, '', 0),
	(124, '18085541582', 28, 17, '', '', 1, '2014-02-12 15:09:05', 0, 1, 1, '', 0),
	(125, '18085541582', 29, 7, '', '', 1, '2014-02-12 15:10:18', 0, 1, 1, '', 0),
	(126, '18085541764', 30, 1, '', '', 1, '2014-02-12 15:12:23', 1, 1, 1, '', 0),
	(127, '18085541582', 31, 2, '', '', 1, '2014-02-12 15:17:42', 0, 1, 1, '', 0),
	(128, '18085541582', 32, 5, '', '', 1, '2014-02-12 15:27:32', 0, 1, 1, '', 0),
	(129, '18085541582', 32, 3, '', '', 1, '2014-02-12 15:27:32', 0, 1, 1, '', 0),
	(130, '18085541764', 33, 7, '', '', 1, '2014-02-13 10:45:57', 1, 1, 1, '', 0),
	(131, '18085541582', 34, 1, '', '', 1, '2014-02-13 10:51:49', 0, 1, 1, '', 0),
	(132, '18085541582', 35, 2, '', '', 1, '2014-02-13 11:07:18', 0, 1, 1, '', 0),
	(133, '18085541582', 35, 7, 'c', '', 1, '2014-02-13 11:07:18', 0, 1, 1, '', 0),
	(134, '18085541764', 36, 30, '', '', 1, '2014-02-13 17:46:31', 1, 1, 1, '', 0),
	(135, '18085541764', 37, 104, '', '', 1, '2014-02-13 17:47:54', 1, 1, 1, '', 0),
	(136, '18085541764', 37, 9, '', '', 1, '2014-02-13 17:47:54', 1, 1, 1, '', 0),
	(137, '18085541764', 38, 23, 'sm tc mf', '', 1, '2014-02-13 17:52:31', 1, 1, 1, '', 0),
	(138, '18085541582', 39, 1, ' ', '', 2, '2014-02-14 08:22:20', 0, 1, 1, '', 0),
	(139, '16027913519', 40, 11, 'loco moco', '', 1, '2014-02-14 13:05:26', 1, 1, 1, '', 0),
	(140, '18085541582', 41, 1, '', '', 1, '2014-02-14 15:55:14', 0, 1, 1, '', 0),
	(141, '18085541582', 41, 100, '', '', 1, '2014-02-14 15:55:14', 0, 1, 1, '', 0),
	(142, '18085541582', 42, 2, '', '', 1, '2014-02-14 15:57:14', 0, 1, 1, '', 0),
	(143, '18085541582', 43, 100, '', '', 1, '2014-02-14 21:25:07', 0, 1, 1, '', 0),
	(144, '18085541582', 44, 100, '', '', 1, '2014-02-14 21:29:25', 0, 1, 1, '', 0),
	(145, '18085541582', 45, 100, '', '', 1, '2014-02-14 21:32:08', 0, 1, 1, '', 0),
	(146, '18085541582', 46, 1, ' ', '', 2, '2014-02-17 13:57:36', 0, 1, 1, '', 0),
	(147, '18085541582', 46, 2, '  ', '', 3, '2014-02-17 13:57:36', 0, 1, 0, '', 0),
	(148, '16027913519', 47, 15, 'cutlet cheese curry sauce on the side', '', 1, '2014-02-20 13:57:30', 1, 1, 1, '', 0),
	(149, '18085541582', 48, 1, '', '', 1, '2014-02-21 11:27:15', 0, 1, 1, '', 0),
	(150, '18085541582', 49, 2, '', '', 1, '2014-02-21 14:50:36', 0, 1, 1, '', 0),
	(151, '18085541582', 50, 2, '', '', 1, '2014-02-21 15:02:05', 0, 1, 1, '', 0),
	(152, '18085541582', 51, 7, '', '', 1, '2014-02-21 15:03:43', 0, 1, 1, '', 0),
	(153, '18085541582', 52, 1, '', '', 1, '2014-02-24 10:56:18', 0, 1, 1, '', 0),
	(154, '18085541582', 53, 8, '', '', 1, '2014-02-24 11:02:34', 0, 1, 1, '', 0),
	(155, '18085541582', 54, 99, '', '', 1, '2014-02-24 17:27:49', 0, 1, 1, '', 0),
	(156, '18085541582', 54, 9, '', '', 1, '2014-02-24 17:27:49', 0, 1, 1, '', 0),
	(157, '18085541582', 55, 7, '', '', 1, '2014-02-24 18:03:12', 0, 1, 1, '', 0),
	(158, '18085541582', 56, 1, '', '', 1, '2014-02-25 13:41:15', 0, 1, 1, '', 0),
	(159, '18085541582', 57, 7, '', '', 1, '2014-02-27 15:17:58', 0, 1, 1, '', 0),
	(160, '18085541582', 58, 1, '', '', 1, '2014-02-28 09:40:06', 0, 1, 1, '', 0),
	(161, '18085541582', 59, 2, '', '', 1, '2014-03-03 13:01:41', 0, 1, 1, '', 0),
	(162, '18085541582', 60, 2, '', '', 1, '2014-03-06 12:21:00', 0, 1, 1, '', 0),
	(163, '16027913519', 61, 7, 'kalua pork half order iced coffee', '', 1, '2014-03-07 13:34:26', 1, 1, 1, '', 0),
	(164, '16025054850', 62, 15, '', '', 1, '2014-03-10 10:34:51', 1, 1, 1, '', 0),
	(165, '16025054850', 63, 40, '', '', 1, '2014-03-11 12:27:38', 1, 1, 1, '', 0),
	(166, '18085541582', 64, 1, '', '', 1, '2014-03-12 10:39:54', 0, 1, 1, '', 0),
	(167, '18085541582', 65, 1, '', '', 1, '2014-03-26 07:43:42', 0, 1, 1, '', 0),
	(168, '16027913519', 66, 7, '', '', 1, '2014-03-26 13:36:02', 1, 1, 1, '', 0),
	(169, '18085541582', 67, 7, '', '', 1, '2014-03-27 10:31:02', 0, 1, 1, '', 0),
	(170, '16029891022', 68, 1, '', '', 1, '2014-04-10 13:36:18', 1, 1, 1, '', 0),
	(171, '18085541582', 69, 7, '', '', 1, '2014-04-11 17:31:34', 0, 1, 1, '', 0),
	(172, '18085541582', 69, 2, '', '', 1, '2014-04-11 17:31:34', 0, 1, 1, '', 0),
	(173, '18085541582', 70, 1, '', '', 1, '2014-04-15 11:53:44', 0, 1, 1, '', 0),
	(174, '16029891022', 71, 1, '', '', 1, '2014-04-18 13:02:06', 1, 1, 1, '', 0),
	(175, '16029891022', 71, 30, '', '', 1, '2014-04-18 13:02:06', 1, 1, 1, '', 0),
	(176, '19724395805', 72, 18, '', '', 1, '2014-05-08 11:40:10', 1, 1, 1, '', 0),
	(177, '16029891022', 73, 2, 'cc', '', 1, '2014-05-13 13:37:19', 1, 1, 1, '', 0),
	(178, '16029891022', 73, 30, '', '', 1, '2014-05-13 13:37:19', 1, 1, 1, '', 0),
	(179, '16029891022', 74, 2, '', '', 1, '2014-05-29 12:35:34', 1, 1, 1, '', 0),
	(180, '18085541764', 75, 1, '', '', 1, '2014-06-17 10:11:20', 1, 1, 1, '', 0),
	(181, '18085541582', 76, 2, '', '', 1, '2014-06-17 10:11:20', 0, 1, 1, '', 0),
	(182, '18085541764', 77, 3, '', '', 1, '2014-06-17 10:12:59', 1, 1, 1, '', 0),
	(183, '18085541582', 78, 4, '', '', 1, '2014-06-17 10:13:01', 0, 1, 1, '', 0),
	(184, '18085541582', 79, 1, 'c', '', 1, '2014-08-18 10:40:18', 0, 1, 1, '', 0),
	(185, '077777', 80, 200, '', '', 1, '2014-10-30 06:55:40', 0, 1, 1, '', 0),
	(186, '077777', 80, 83, '', '', 1, '2014-10-30 06:55:40', 0, 1, 1, '', 0),
	(187, '077777', 80, 7, '', '83,66', 1, '2014-10-30 06:55:40', 0, 1, 1, '', 0),
	(188, '07777777', 81, 4, 'Mac Salad & BBQ Chicken Salad & testarea', '83,66', 1, '2014-10-31 00:47:15', 0, 1, 1, '', 0),
	(189, '123123123', 82, 1, 'Rice & Mac Salad & add chilli', '82,83', 1, '2014-10-31 07:23:04', 0, 1, 1, '', 0),
	(190, '123123123', 83, 7, 'Rice & Mac Salad & chilli', '82,83', 1, '2014-10-31 10:33:21', 0, 1, 1, '', 0),
	(191, '123123123', 84, 120, 'test1', '', 1, '2014-10-31 10:45:36', 0, 1, 1, '', 0),
	(192, '123123123', 84, 121, 'test2', '', 1, '2014-10-31 10:45:36', 0, 1, 1, '', 0),
	(193, '123123123', 85, 9, 'Rice & Mac Salad & test1', '82,83', 1, '2014-10-31 10:50:33', 0, 1, 1, '', 0),
	(194, '123123123', 85, 11, 'Rice &', '82', 1, '2014-10-31 10:50:33', 0, 1, 1, '', 0),
	(195, '123123123', 85, 12, 'Rice & Mac Salad & test3', '82,83', 1, '2014-10-31 10:50:33', 0, 1, 1, '', 0),
	(196, '099999', 86, 1, 'Potato Salad (2 scoops) & Coleslaw & NOTE TO COOK', '68,69', 1, '2014-10-31 12:50:01', 0, 1, 1, '', 0),
	(197, '9898', 87, 7, 'Rice & NOTE', '82', 1, '2014-10-31 13:23:58', 0, 1, 1, '', 0),
	(212, '123123123', 91, 10, 'Rice & Coleslaw & Spicy', '82,69', 1, '2014-11-04 11:51:53', 0, 1, 1, '', 0),
	(213, '123123123', 91, 100, 'Coke &', '84', 1, '2014-11-04 11:51:53', 0, 1, 1, '', 0),
	(214, '6025500383', 92, 7, 'Rice & Coleslaw &', '82,69', 1, '2014-11-04 12:27:26', 0, 1, 1, '', 0),
	(215, '18085541582', 93, 1, 'c', '', 1, '2014-11-07 11:13:33', 0, 1, 1, '', 0),
	(216, '18085541582', 94, 1, 'c', '', 1, '2014-11-10 18:28:56', 0, 1, 1, '', 0),
	(217, '858-688-3204', 95, 11, '', '', 1, '2014-11-14 10:45:23', 0, 1, 1, '', 0),
	(218, '123123123', 96, 11, '', '', 1, '2014-11-16 08:09:01', 0, 1, 1, '', 0),
	(219, '6023502331', 97, 14, 'Rice & Mac Salad & curry sauce on side', '82,83', 1, '2014-11-17 17:14:23', 0, 1, 1, '', 0),
	(220, '6023502331', 97, 83, '', '', 1, '2014-11-17 17:14:23', 0, 1, 1, '', 0),
	(221, '077777777', 98, 11, '', '', 1, '2014-11-18 10:51:16', 0, 1, 1, '', 0),
	(222, '123123123', 99, 11, '', '', 2, '2014-11-19 07:33:11', 0, 1, 1, '', 0),
	(223, '5417606367', 100, 7, 'Rice & Potato Salad & Thank you!', '82,68', 1, '2014-11-19 11:50:14', 0, 1, 1, '', 0),
	(211, '0711111111', 90, 3, 'Coleslaw & noetete', '69', 1, '2014-11-03 01:24:38', 0, 1, 1, '', 0),
	(224, '7605009741', 101, 1, 'Rice & Potato Salad &', '82,68', 1, '2014-11-21 10:45:54', 0, 1, 1, '', 0),
	(225, '7605009741', 101, 19, '', '', 2, '2014-11-21 10:45:54', 0, 1, 1, '', 0),
	(226, '3154863801', 102, 18, '', '', 1, '2014-11-21 10:47:25', 0, 1, 1, '', 0),
	(227, '858-688-3204', 103, 3, 'Rice & Mac Salad &', '82,83', 2, '2014-11-28 10:51:33', 0, 1, 1, '', 0),
	(228, '6028459798', 104, 17, 'Rice & Potato Salad &', '82,68', 1, '2014-12-01 12:22:47', 0, 1, 1, '', 0),
	(229, '6028459798', 104, 8, 'Rice & Potato Salad &', '82,68', 1, '2014-12-01 12:22:47', 0, 1, 1, '', 0),
	(325, '123test', 171, 2, 'Rice & Mac Salad &', '82,83', 1, '2014-12-16 10:09:11', 1, 1, 1, '', 0),
	(230, '18085541582', 105, 2, 'p', '', 0, '2014-12-07 08:29:29', 0, 1, 1, '', 0),
	(231, '18085541582', 105, 1, 'c', '', 0, '2014-12-07 08:29:29', 0, 1, 1, '', 0),
	(232, '18085541582', 106, 8, 'rice', '', 0, '2014-12-09 09:37:06', 0, 1, 1, '', 0),
	(233, '18085541582', 107, 9, 'patoto', '', 0, '2014-12-09 09:40:02', 0, 1, 1, '', 0),
	(234, '18085541582', 107, 10, 'rice', '', 0, '2014-12-09 09:40:02', 0, 1, 1, '', 0),
	(235, '88888888', 108, 2, 'Rice & Mac Salad & xcvvcx Rice & Mac Salad & xcvvcx', '82,83', 2, '2014-12-10 07:28:38', 0, 1, 1, '', 0),
	(236, '88888888', 109, 2, 'Rice & Mac Salad & xcvvcx', '82,83', 1, '2014-12-10 07:28:46', 0, 1, 1, '', 0),
	(237, '88888888', 110, 2, 'Rice & Mac Salad & xcvvcx', '82,83', 1, '2014-12-10 07:28:51', 0, 1, 1, '', 0),
	(238, '88888888', 111, 2, 'Rice & Mac Salad & xcvvcx', '82,83', 1, '2014-12-10 07:28:52', 0, 1, 1, '', 0),
	(239, '88888888', 112, 2, 'Rice & Mac Salad & xcvvcx', '82,83', 1, '2014-12-10 07:28:55', 0, 1, 1, '', 0),
	(240, '88888888', 113, 2, 'Rice & Mac Salad & xcvvcx Rice & Mac Salad & xcvvcx', '82,83', 2, '2014-12-10 07:28:58', 0, 1, 0, '', 0),
	(241, '88888888', 114, 2, 'Rice & Mac Salad & xcvvcx', '82,83', 1, '2014-12-10 07:28:58', 0, 1, 1, '', 0),
	(242, '88888888', 115, 2, 'Rice & Mac Salad & xcvvcx', '82,83', 1, '2014-12-10 07:29:24', 0, 1, 0, '', 0),
	(243, '88888888', 116, 2, 'Rice & Mac Salad & xcvvcx', '82,83', 1, '2014-12-10 07:29:32', 0, 1, 0, '', 0),
	(244, '88888888', 117, 2, 'Rice & Mac Salad & xcvvcx', '82,83', 1, '2014-12-10 07:31:46', 0, 1, 0, '', 0),
	(245, '88888888', 118, 2, 'Rice & Mac Salad & xcvvcx', '82,83', 1, '2014-12-10 07:33:06', 0, 1, 0, '', 0),
	(246, '88888888', 119, 2, 'Rice & Mac Salad & xcvvcx', '82,83', 1, '2014-12-10 07:33:13', 0, 1, 0, '', 0),
	(247, '88888888', 120, 2, 'Rice & Mac Salad & xcvvcx', '82,83', 1, '2014-12-10 07:35:40', 0, 1, 0, '', 0),
	(248, '88888888', 121, 2, 'Rice & Mac Salad & xcvvcx', '82,83', 1, '2014-12-10 07:37:31', 0, 1, 0, '', 0),
	(249, '88888888', 122, 2, 'Rice & Mac Salad & xcvvcx Rice & Mac Salad & xcvvcx', '82,83', 2, '2014-12-10 07:38:08', 0, 1, 0, '', 0),
	(250, '88888888', 123, 2, 'Rice & Mac Salad & xcvvcx', '82,83', 1, '2014-12-10 07:38:30', 0, 1, 0, '', 0),
	(251, '88888888', 124, 2, 'Rice & Mac Salad & xcvvcx', '82,83', 1, '2014-12-10 07:39:13', 0, 1, 1, '', 0),
	(252, '88888888', 125, 2, 'Rice & Mac Salad & xcvvcx', '82,83', 1, '2014-12-10 07:41:24', 0, 1, 1, '', 0),
	(253, '88888888', 126, 1, 'Rice & Mac Salad & test', '82,83', 1, '2014-12-10 07:42:38', 0, 1, 1, '', 0),
	(254, '88888888', 127, 1, 'Rice & Coleslaw & test', '82,69', 1, '2014-12-10 07:44:01', 0, 1, 1, '', 0),
	(255, '88888888', 128, 2, 'Rice & Mac Salad & test', '82,83', 1, '2014-12-10 07:46:44', 0, 1, 1, '', 0),
	(256, '88888888', 129, 1, 'Mac Salad & Coleslaw & test', '83,69', 1, '2014-12-10 07:53:17', 0, 1, 1, '', 0),
	(257, '88888888', 130, 5, 'test', '', 1, '2014-12-10 07:58:49', 0, 1, 1, '', 0),
	(258, '88888888', 131, 5, 'test', '', 1, '2014-12-10 08:07:29', 0, 1, 1, '', 0),
	(259, '88888888', 132, 3, 'Mac Salad & Potato Salad & test', '83,68', 1, '2014-12-10 08:08:33', 0, 1, 1, '', 0),
	(260, '123123123', 133, 1, 'Rice & Mac Salad &', '82,83', 1, '2014-12-10 08:23:28', 0, 1, 1, '', 0),
	(261, '123123123', 134, 4, 'Rice & Mac Salad &', '82,83', 1, '2014-12-10 08:25:09', 0, 1, 1, '', 0),
	(262, '123123123', 134, 2, 'Rice & Mac Salad & test2', '82,83', 1, '2014-12-10 08:25:09', 0, 1, 1, '', 0),
	(263, '5897', 135, 2, 'Rice & hi', '82', 1, '2014-12-10 08:49:57', 1, 1, 1, '', 0),
	(264, '123123123', 136, 7, 'Mac Salad & test2 Mac Salad & test2', '83', 2, '2014-12-10 09:12:21', 0, 1, 0, '', 0),
	(265, '123123123', 136, 1, 'Rice & Potato Salad & Rice & Potato Salad &', '82,68', 2, '2014-12-10 09:12:21', 0, 1, 0, '', 0),
	(266, '123123123', 136, 11, ' ', '', 2, '2014-12-10 09:12:21', 0, 1, 0, '', 0),
	(267, '123123123', 136, 6, 'Coleslaw & test3', '69', 1, '2014-12-10 09:12:21', 0, 1, 0, '', 0),
	(268, '123123123', 137, 1, 'Potato Salad & Coleslaw & test2', '68,69', 1, '2014-12-10 09:17:00', 0, 1, 1, '', 0),
	(269, '123123123', 137, 1, 'Rice & Mac Salad &', '82,83', 1, '2014-12-10 09:17:00', 0, 1, 1, '', 0),
	(270, '18085541582', 138, 1, 'c', '', 0, '2014-12-10 10:48:57', 0, 1, 1, '', 0),
	(271, '4477', 139, 2, 'Rice & c', '82', 1, '2014-12-10 10:53:50', 1, 1, 1, '', 0),
	(272, '4477', 140, 3, 'Potato Salad & c', '68', 1, '2014-12-10 10:57:49', 1, 1, 1, '', 0),
	(273, '4477', 141, 4, 'Mac Salad & c', '83', 1, '2014-12-10 11:07:02', 1, 1, 1, '', 0),
	(274, '4477', 142, 5, '', '', 1, '2014-12-10 11:10:19', 1, 1, 1, '', 0),
	(275, '123123123', 143, 6, 'Mac Salad & Potato Salad & test2', '83,68', 1, '2014-12-10 12:32:34', 0, 1, 1, '', 0),
	(276, '123123123', 143, 5, '', '', 1, '2014-12-10 12:32:34', 0, 1, 1, '', 0),
	(277, '123123', 144, 1, 'Rice & Mac Salad &', '82,83', 1, '2014-12-11 14:08:34', 1, 1, 1, '', 0),
	(278, '123', 145, 10, 'Rice & Coleslaw &', '82,69', 1, '2014-12-11 14:10:34', 0, 1, 1, '', 0),
	(279, '123', 145, 1, 'Rice & Coleslaw &', '82,69', 1, '2014-12-11 14:10:34', 0, 1, 1, '', 0),
	(280, '123', 146, 7, 'Rice &', '82', 1, '2014-12-11 14:11:50', 0, 1, 1, '', 0),
	(281, '123', 146, 1, 'Rice & Coleslaw &', '82,69', 1, '2014-12-11 14:11:50', 0, 1, 1, '', 0),
	(282, '123', 147, 10, 'Rice & Coleslaw &', '82,69', 1, '2014-12-11 14:12:47', 0, 1, 1, '', 0),
	(283, '123', 148, 120, '', '', 1, '2014-12-11 14:13:51', 0, 1, 1, '', 0),
	(284, '123', 148, 1, 'Rice & Coleslaw &', '82,69', 1, '2014-12-11 14:13:51', 0, 1, 1, '', 0),
	(285, '123', 149, 121, '', '', 1, '2014-12-11 14:15:36', 0, 1, 1, '', 0),
	(286, '123', 149, 1, 'Rice & Coleslaw &', '82,69', 1, '2014-12-11 14:15:36', 0, 1, 1, '', 0),
	(287, '123', 150, 104, '', '', 1, '2014-12-11 14:17:15', 0, 1, 1, '', 0),
	(288, '123', 150, 5, '', '', 1, '2014-12-11 14:17:15', 0, 1, 1, '', 0),
	(289, '123', 150, 8, 'Rice & Coleslaw &', '82,69', 1, '2014-12-11 14:17:15', 0, 1, 1, '', 0),
	(290, 'mike', 151, 3, 'Mac Salad & WooHooo', '83', 1, '2014-12-11 14:23:29', 1, 1, 1, '', 0),
	(291, '123123123', 152, 1, 'Rice & Potato Salad &', '82,68', 1, '2014-12-12 08:25:09', 0, 1, 1, '', 0),
	(292, '123123123', 152, 8, 'Potato Salad &', '68', 1, '2014-12-12 08:25:09', 0, 1, 1, '', 0),
	(293, '18085541582', 153, 1, 'c', '', 0, '2014-12-12 08:58:43', 0, 1, 1, '', 0),
	(294, 'Lisa', 154, 1, 'Rice & Coleslaw & In', '82,69', 1, '2014-12-12 09:15:11', 0, 1, 1, '', 0),
	(295, 'Lisa', 155, 11, '', '', 1, '2014-12-12 09:15:53', 0, 1, 1, '', 0),
	(296, 'Lisa', 156, 6, 'Rice & Coleslaw &', '82,69', 1, '2014-12-12 09:17:19', 0, 1, 1, '', 0),
	(297, 'Lisa', 157, 1, 'Mac Salad & Potato Salad &', '83,68', 1, '2014-12-12 09:19:11', 0, 1, 1, '', 0),
	(298, 'Lisa', 158, 8, 'Mac Salad & Coleslaw &', '83,69', 1, '2014-12-12 09:20:16', 0, 1, 1, '', 0),
	(299, 'Lisa', 159, 6, 'Rice & Coleslaw &', '82,69', 1, '2014-12-12 09:21:09', 0, 1, 1, '', 0),
	(300, '858-688-3204', 160, 11, 'Mac salad', '', 3, '2014-12-12 10:43:47', 0, 1, 1, '', 0),
	(301, '223', 161, 10, 'Rice & Potato Salad & Test Test', '82,68', 1, '2014-12-12 20:47:47', 0, 1, 0, '', 0),
	(302, '223', 161, 1, 'Rice & Coleslaw & Rice & Coleslaw &', '82,69', 2, '2014-12-12 20:47:47', 0, 1, 0, '', 0),
	(303, '223', 161, 8, 'Rice & Coleslaw &', '82,69', 1, '2014-12-12 20:47:47', 0, 1, 0, '', 0),
	(304, '223', 162, 120, ' ', '', 2, '2014-12-12 20:49:51', 0, 1, 1, '', 0),
	(305, '223', 162, 1, 'Rice & Coleslaw &', '82,69', 1, '2014-12-12 20:49:51', 0, 1, 1, '', 0),
	(306, '223', 162, 8, 'Rice & Coleslaw & Rice & Coleslaw &', '82,69', 2, '2014-12-12 20:49:51', 0, 1, 1, '', 0),
	(307, '223', 162, 6, 'Rice & Coleslaw & Rice & Coleslaw &', '82,69', 2, '2014-12-12 20:49:51', 0, 1, 1, '', 0),
	(308, '789789789', 163, 9, 'Mac Salad & Potato Salad & test Mac Salad & Potato Salad & test', '83,68', 2, '2014-12-12 23:29:39', 1, 1, 1, '', 0),
	(309, '889955', 164, 4, 'Rice & ijaz', '82', 1, '2014-12-12 23:31:17', 1, 1, 1, '', 0),
	(310, '889955', 164, 6, 'Mac Salad & ijaz test', '83', 1, '2014-12-12 23:31:17', 1, 1, 1, '', 0),
	(311, '789789789', 165, 7, 'Rice & Coleslaw & test2', '82,69', 1, '2014-12-12 23:31:17', 1, 1, 1, '', 0),
	(312, '789789789', 165, 1, 'Mac Salad & Potato Salad & test1', '83,68', 1, '2014-12-12 23:31:17', 1, 1, 1, '', 0),
	(313, '369369369', 166, 1, 'Rice & Mac Salad & test123', '82,83', 1, '2014-12-13 03:40:28', 1, 1, 1, '', 0),
	(314, '123', 167, 3, 'Rice & Potato Salad &', '82,68', 1, '2014-12-13 07:51:27', 0, 1, 1, '', 0),
	(315, '123', 167, 2, 'Rice & Rice &', '82', 2, '2014-12-13 07:51:27', 0, 1, 1, '', 0),
	(316, '123', 167, 300, '   ', '', 4, '2014-12-13 07:51:27', 0, 1, 1, '', 0),
	(317, '123', 167, 1, 'Rice & Potato Salad & Rice & Potato Salad &', '82,68', 2, '2014-12-13 07:51:27', 0, 1, 1, '', 0),
	(318, '123', 167, 2, 'Rice & Rice &', '82', 2, '2014-12-13 07:51:27', 0, 1, 1, '', 0),
	(319, '123', 167, 1, 'Rice & Potato Salad & Rice & Potato Salad &', '82,68', 2, '2014-12-13 07:51:27', 0, 1, 1, '', 0),
	(320, '123', 168, 6, 'Rice & Coleslaw &', '82,69', 1, '2014-12-13 10:08:06', 0, 1, 1, '', 0),
	(321, '123', 168, 1, 'Rice & Coleslaw &', '82,69', 1, '2014-12-13 10:08:06', 0, 1, 0, '', 0),
	(322, '123', 169, 7, 'Rice & Coleslaw &', '82,69', 1, '2014-12-13 10:09:39', 0, 1, 1, '', 0),
	(323, '123', 169, 4, 'Rice & Coleslaw &', '82,69', 1, '2014-12-13 10:09:39', 0, 1, 1, '', 0),
	(329, '18085541582', 173, 3, 'rice spicy', '', 0, '2014-12-16 10:55:31', 1, 1, 1, '', 0),
	(324, 'lisa', 170, 23, 'Rice & Potato Salad & KP  Mahi  Teri', '82,68', 1, '2014-12-13 12:09:25', 0, 1, 1, '', 0),
	(326, '123test', 171, 23, 'Rice & Mac Salad &', '82,83', 1, '2014-12-16 10:09:11', 1, 1, 1, '', 0),
	(327, '123test', 171, 1, 'Rice & Potato Salad & i', '82,68', 1, '2014-12-16 10:09:11', 1, 1, 1, '', 0),
	(328, '18085541582', 172, 1, 'c spicy', '', 0, '2014-12-16 10:11:50', 1, 1, 1, '', 0),
	(330, '18085541582', 174, 1, 'c c', '', 1, '2014-12-16 10:58:37', 1, 1, 1, '', 0),
	(331, 'Lisa', 175, 1, 'Rice & Potato Salad & Test1', '82,68', 1, '2014-12-17 07:59:49', 0, 1, 1, '', 0),
	(332, 'Lisa', 175, 10, 'Coleslaw & Test2', '69', 1, '2014-12-17 07:59:49', 0, 1, 1, '', 0),
	(333, 'Lisa', 176, 18, '', '', 1, '2014-12-18 07:28:53', 0, 1, 0, '', 0),
	(334, 'Lisa', 176, 6, 'Rice & Coleslaw &', '82,69', 1, '2014-12-18 07:28:53', 0, 1, 0, '', 0),
	(335, 'Lisa', 176, 10, 'Mac Salad &', '83', 1, '2014-12-18 07:28:53', 0, 1, 0, '', 0),
	(336, 'Lisa', 177, 10, 'Potato Salad & Coleslaw &', '68,69', 1, '2014-12-18 07:29:38', 0, 1, 1, '', 0),
	(337, 'Lisa', 177, 1, 'Rice &', '82', 1, '2014-12-18 07:29:38', 0, 1, 1, '', 0),
	(338, 'Lisa', 177, 102, '', '', 1, '2014-12-18 07:29:38', 0, 1, 1, '', 0),
	(339, 'Lisa', 178, 7, 'Rice & Coleslaw &', '82,69', 1, '2014-12-18 07:31:30', 0, 1, 1, '', 0),
	(340, 'Lisa', 178, 1, 'Rice & Coleslaw &', '82,69', 1, '2014-12-18 07:31:30', 0, 1, 1, '', 0),
	(341, 'Lisa', 179, 12, 'Rice & Potato Salad &', '82,68', 1, '2014-12-18 07:32:38', 0, 1, 1, '', 0),
	(342, 'Lisa', 179, 10, 'Rice &', '82', 1, '2014-12-18 07:32:38', 0, 1, 1, '', 0),
	(343, 'Lisa', 179, 13, 'Rice & Coleslaw &', '82,69', 1, '2014-12-18 07:32:38', 0, 1, 1, '', 0),
	(344, 'Lisa', 180, 1, 'Rice & Potato Salad &', '82,68', 1, '2014-12-18 07:33:17', 0, 1, 1, '', 0),
	(345, 'Lisa', 181, 41, 'Red &', '88', 1, '2014-12-18 07:34:05', 0, 1, 1, '', 0),
	(346, 'Lisa', 182, 6, 'Mac Salad & Coleslaw & I', '83,69', 1, '2014-12-18 07:54:27', 0, 1, 1, '', 0),
	(347, 'Lisa', 182, 11, '', '', 1, '2014-12-18 07:54:27', 0, 1, 1, '', 0),
	(348, 'Lisa', 183, 18, 'All spicy', '', 1, '2014-12-18 10:49:35', 0, 1, 1, '', 0),
	(349, 'Lisa', 183, 18, '', '', 2, '2014-12-18 10:49:35', 0, 1, 1, '', 0),
	(350, 'Lisa', 184, 18, ' ', '', 4, '2014-12-18 10:51:41', 0, 1, 1, '', 0),
	(351, 'Lisa', 185, 18, '', '', 3, '2014-12-18 10:53:04', 0, 1, 1, '', 0),
	(352, 'Lisa', 186, 40, 'Yellow &', '90', 1, '2014-12-18 10:55:04', 0, 1, 1, '', 0),
	(353, 'Lisa', 187, 18, '', '', 1, '2014-12-18 10:55:24', 0, 1, 1, '', 0),
	(354, 'Lisa', 188, 10, 'Rice & Mac Salad &', '82,83', 1, '2014-12-18 11:11:32', 0, 1, 1, '', 0),
	(355, 'Lisa', 189, 19, '', '', 1, '2014-12-18 11:12:46', 0, 1, 1, '', 0),
	(356, 'Lisa', 190, 11, '', '', 1, '2014-12-18 11:14:11', 0, 1, 1, '', 0),
	(357, '7605009741', 191, 11, '', '', 1, '2014-12-19 10:51:29', 0, 1, 1, '', 0),
	(358, '7605009741', 191, 19, '', '', 2, '2014-12-19 10:51:29', 0, 1, 1, '', 0),
	(359, 'test', 192, 2, 'Mac Salad & test2', '83', 1, '2014-12-19 13:04:53', 1, 1, 1, '', 0),
	(360, 'test', 192, 1, 'Rice & test1', '82', 1, '2014-12-19 13:04:53', 1, 1, 1, '', 0),
	(361, 'test', 193, 1, 'Rice &', '82', 1, '2014-12-19 13:06:39', 1, 1, 1, '', 0),
	(362, 'test', 193, 4, 'Potato Salad & test4', '68', 1, '2014-12-19 13:06:39', 1, 1, 1, '', 0),
	(367, '123123', 197, 2, 'Rice & cc', '82', 1, '2014-12-20 05:31:54', 1, 1, 1, '', 0),
	(363, 'test', 194, 1, 'Rice & c', '82', 1, '2014-12-19 13:12:27', 1, 1, 1, '', 0),
	(364, 'mj', 195, 5, 'nn', '', 1, '2014-12-19 13:38:51', 1, 1, 1, '', 0),
	(365, 'mj', 195, 4, 'Mac Salad & cc', '83', 1, '2014-12-19 13:38:51', 1, 1, 1, '', 0),
	(366, 'mj', 196, 7, 'Mac Salad &', '83', 1, '2014-12-19 13:42:40', 1, 1, 1, '', 0),
	(368, 'lisa', 198, 9, 'Rice & test2', '82', 1, '2014-12-22 07:24:27', 0, 1, 1, '', 0),
	(369, 'lisa', 198, 1, 'Rice & Coleslaw &', '82,69', 1, '2014-12-22 07:24:27', 0, 1, 1, '', 0),
	(370, 'lisa', 198, 6, 'Rice & Potato Salad &', '82,68', 1, '2014-12-22 07:24:27', 0, 1, 1, '', 0),
	(371, 'lisa', 198, 10, 'Rice & Mac Salad & test1', '82,83', 1, '2014-12-22 07:24:27', 0, 1, 1, '', 0),
	(372, 'lisa', 198, 44, 'Red &', '88', 1, '2014-12-22 07:24:27', 0, 1, 1, '', 0),
	(373, 'lisa', 199, 8, 'Rice & Coleslaw & test3', '82,69', 1, '2014-12-22 07:25:06', 0, 1, 1, '', 0),
	(374, 'lisa', 199, 7, 'Mac Salad & Potato Salad & test4', '83,68', 1, '2014-12-22 07:25:06', 0, 1, 1, '', 0),
	(375, 'lisa', 200, 20, 'test5', '', 1, '2014-12-22 07:29:42', 0, 1, 1, '', 0),
	(376, 'lisa', 200, 19, 'test6', '', 1, '2014-12-22 07:29:42', 0, 1, 1, '', 0),
	(377, 'lisa', 201, 11, 'test7', '', 1, '2014-12-22 07:30:34', 0, 1, 1, '', 0),
	(378, 'lisa', 201, 12, 'Rice & Mac Salad & test8', '82,83', 1, '2014-12-22 07:30:34', 0, 1, 1, '', 0),
	(379, '147741', 202, 2, 'Rice & hi', '82', 1, '2014-12-23 05:58:10', 0, 1, 1, '', 0),
	(383, '65895', 203, 1, 'Rice & Potato Salad & test1', '82,68', 1, '2014-12-23 07:06:33', 1, 1, 1, '', 0),
	(384, '65895', 203, 2, 'Potato Salad & Coleslaw & m', '68,69', 1, '2014-12-23 07:06:33', 1, 1, 1, '', 0),
	(385, '987789', 204, 1, 'Rice & Potato Salad & test1', '82,68', 1, '2014-12-23 07:12:13', 1, 1, 1, '', 0),
	(386, '987789', 204, 2, 'Rice & Coleslaw & test2', '82,69', 1, '2014-12-23 07:12:13', 1, 1, 1, '', 0),
	(387, 'Lisa', 205, 1, 'Rice & Coleslaw & Test1', '82,69', 1, '2014-12-24 06:19:04', 0, 1, 1, '', 0),
	(388, 'Lisa', 205, 6, 'Rice & Test2', '82', 1, '2014-12-24 06:19:04', 0, 1, 1, '', 0),
	(389, 'Lisa', 206, 2, 'Rice & Potato Salad & Test12', '82,68', 1, '2014-12-24 07:01:25', 0, 1, 0, '', 0),
	(390, 'Lisa', 206, 1, 'Rice & Mac Salad & Test11', '82,83', 1, '2014-12-24 07:01:25', 0, 1, 0, '', 0),
	(391, 'Lisa', 207, 3, 'Rice & Coleslaw & Test13', '82,69', 1, '2014-12-24 07:03:01', 0, 1, 1, '', 0),
	(392, 'Lisa', 207, 4, 'Mac Salad & Potato Salad & Test114', '83,68', 1, '2014-12-24 07:03:01', 0, 1, 0, '', 0),
	(393, 'Lisa', 208, 2, 'Rice & Potato Salad & S2', '82,68', 1, '2014-12-24 07:10:58', 0, 1, 1, '', 0),
	(394, 'Lisa', 208, 1, 'Rice & Mac Salad & S1', '82,83', 1, '2014-12-24 07:10:58', 0, 1, 1, '', 0),
	(395, 'Lisa', 209, 3, 'Rice & Coleslaw & S3', '82,69', 1, '2014-12-24 07:15:28', 0, 1, 1, '', 0),
	(396, 'Lisa', 209, 4, 'Mac Salad & Potato Salad & S4', '83,68', 1, '2014-12-24 07:15:28', 0, 1, 1, '', 0),
	(399, 'Corey', 211, 10, 'Rice & Mac Salad &', '82,83', 1, '2014-12-24 11:39:06', 0, 1, 1, '', 0),
	(397, '5441999lisa', 210, 1, 'Rice & Mac Salad & spicy1', '82,83', 1, '2014-12-24 08:24:05', 0, 1, 1, '', 0),
	(398, '5441999lisa', 210, 2, 'Rice & Potato Salad & spicy2', '82,68', 1, '2014-12-24 08:24:05', 0, 1, 1, '', 0),
	(400, 'Corey', 211, 1, 'Rice & Potato Salad & Spicy', '82,68', 1, '2014-12-24 11:39:06', 0, 1, 1, '', 0),
	(401, 'Corey', 212, 2, 'Rice & Potato Salad &', '82,68', 1, '2014-12-24 11:40:16', 0, 1, 1, '', 0),
	(402, 'Eric', 213, 2, 'Mac Salad & S2', '83', 1, '2014-12-27 10:01:36', 1, 1, 1, '', 0),
	(403, 'eric', 213, 1, 'Rice & Coleslaw & Rice & Coleslaw &', '82,69', 2, '2014-12-27 10:01:36', 1, 1, 1, '', 0),
	(404, 'eric', 213, 2, 'Rice & Coleslaw & Rice & Coleslaw &', '82,69', 2, '2014-12-27 10:01:36', 1, 1, 1, '', 0),
	(405, 'eric', 213, 6, '& &', '', 2, '2014-12-27 10:01:36', 1, 1, 1, '', 0),
	(406, 'eric', 213, 1, 'Rice & Coleslaw &', '82,69', 1, '2014-12-27 10:01:36', 1, 1, 1, '', 0),
	(407, 'eric', 213, 2, 'Rice & Coleslaw &', '82,69', 1, '2014-12-27 10:01:36', 1, 1, 1, '', 0),
	(408, 'eric', 213, 6, '&', '', 1, '2014-12-27 10:01:36', 1, 1, 1, '', 0),
	(409, 'Eric', 213, 1, 'Rice & S1', '82', 1, '2014-12-27 10:01:36', 1, 1, 1, '', 0),
	(410, 'Eric', 214, 1, 'Rice & 1', '82', 1, '2014-12-27 10:05:38', 1, 1, 1, '', 0),
	(411, 'Eric', 215, 8, 'Mac Salad & 3', '83', 1, '2014-12-27 10:06:56', 1, 1, 1, '', 0),
	(412, 'Eric', 215, 10, 'Coleslaw & 2', '69', 1, '2014-12-27 10:06:56', 1, 1, 1, '', 0),
	(413, 'eric2', 216, 6, 'Rice & Mac Salad & s', '82,83', 1, '2014-12-27 10:24:49', 1, 1, 1, '', 0),
	(414, 'eric', 217, 109, 'test', '', 1, '2014-12-30 11:32:49', 0, 1, 1, '', 0),
	(415, 'eric', 218, 109, 'testing', '', 1, '2014-12-30 11:37:18', 0, 1, 1, '', 0),
	(416, 'eric', 219, 109, 'test2', '', 1, '2014-12-30 12:02:38', 0, 1, 1, '', 0),
	(417, 'eric', 219, 109, 'testing', '', 1, '2014-12-30 12:02:38', 0, 1, 1, '', 0),
	(418, 'erictest', 220, 109, 'test1', '', 1, '2014-12-31 08:12:01', 0, 1, 1, '', 0),
	(419, 'erictest', 220, 109, 'test2', '', 1, '2014-12-31 08:12:01', 0, 1, 1, '', 0),
	(420, 'erictest', 221, 109, 'test3', '', 1, '2014-12-31 08:13:40', 0, 1, 1, '', 0),
	(421, 'test', 222, 1, 'Rice & Coleslaw & test', '82,69', 1, '2015-01-07 22:10:33', 0, 1, 1, '', 0),
	(422, '18085541582', 223, 1, 'rice', '', 0, '2015-01-07 22:13:35', 1, 1, 1, '', 0),
	(423, '602-564-7770', 224, 23, 'Mac Salad & Coleslaw & Kalua Pork, Chicken Katsu, spam musubi', '83,69', 1, '2015-01-14 11:07:09', 0, 1, 1, '', 0),
	(424, '602-564-7770', 224, 3, 'Rice & Potato Salad &', '82,68', 1, '2015-01-14 11:07:09', 0, 1, 1, '', 0),
	(425, '602-564-7770', 224, 9, 'Rice & Potato Salad &', '82,68', 1, '2015-01-14 11:07:09', 0, 1, 1, '', 0),
	(426, '602-564-7770', 224, 8, 'Rice & Potato Salad &', '82,68', 1, '2015-01-14 11:07:09', 0, 1, 1, '', 0),
	(427, '602-564-7770', 224, 17, 'Rice & Coleslaw &', '82,69', 3, '2015-01-14 11:07:09', 0, 1, 1, '', 0),
	(428, '602-564-7770', 224, 2, 'Rice & Mac Salad &', '82,83', 1, '2015-01-14 11:07:09', 0, 1, 1, '', 0),
	(429, '602-564-7770', 224, 8, 'Rice & please do double rice', '82', 1, '2015-01-14 11:07:09', 0, 1, 1, '', 0),
	(430, '602-564-7770', 224, 14, 'Rice & Mac Salad &', '82,83', 1, '2015-01-14 11:07:09', 0, 1, 1, '', 0),
	(431, '602-564-7770', 224, 4, 'Rice & Coleslaw &', '82,69', 1, '2015-01-14 11:07:09', 0, 1, 1, '', 0),
	(432, '602-564-7770', 224, 13, 'Rice & Potato Salad &', '82,68', 1, '2015-01-14 11:07:09', 0, 1, 1, '', 0),
	(433, '602-564-7770', 224, 7, 'Rice & Coleslaw &', '82,69', 1, '2015-01-14 11:07:09', 0, 1, 1, '', 0),
	(434, '602-564-7770', 224, 17, 'Rice & please do double rice', '82', 1, '2015-01-14 11:07:09', 0, 1, 1, '', 0),
	(435, '602-564-7770', 225, 17, 'Rice & Coleslaw &', '82,69', 1, '2015-01-14 11:08:09', 0, 1, 1, '', 0),
	(436, '6236951409', 226, 13, 'Rice & Potato Salad &', '82,68', 1, '2015-01-22 11:39:12', 0, 1, 1, '', 0),
	(437, 'lisa', 227, 1, 'Rice & Coleslaw & Test', '82,69', 1, '2015-02-10 12:43:00', 0, 1, 1, '', 0),
	(438, 'lisa', 228, 41, 'Red &', '88', 1, '2015-02-11 15:28:10', 0, 1, 1, '', 0),
	(439, 'lisa', 228, 3, 'Rice & Coleslaw &', '82,69', 1, '2015-02-11 15:28:10', 0, 1, 1, '', 0),
	(440, 'lisa', 228, 103, '', '', 1, '2015-02-11 15:28:10', 0, 1, 1, '', 0),
	(441, 'lisa', 228, 13, 'Rice & Coleslaw &', '82,69', 1, '2015-02-11 15:28:10', 0, 1, 1, '', 0),
	(442, 'lisa', 228, 9, 'Rice & Coleslaw &', '82,69', 1, '2015-02-11 15:28:10', 0, 1, 1, '', 0),
	(443, 'lisa', 229, 19, 'In', '', 1, '2015-02-11 15:32:07', 0, 1, 1, '', 0),
	(444, 'lisa', 230, 18, 'In', '', 1, '2015-02-11 15:34:04', 0, 1, 1, '', 0),
	(445, 'lisa', 231, 1, 'Rice & Potato Salad & test', '82,68', 1, '2015-02-12 07:26:07', 0, 1, 1, '', 0),
	(446, 'lisa', 232, 1, 'Mac Salad &', '83', 1, '2015-02-12 09:29:23', 1, 1, 1, '', 0),
	(447, 'lisa', 233, 5, 'test1', '', 1, '2015-02-12 11:02:40', 1, 1, 1, '', 0),
	(448, 'lisa', 233, 5, 'test2', '', 1, '2015-02-12 11:02:40', 1, 1, 1, '', 0),
	(449, 'lisa', 234, 23, 'Rice & Potato Salad & Kp,ter,mahi/out', '82,68', 1, '2015-02-12 11:07:48', 1, 1, 1, '', 0),
	(450, 'lisa', 234, 23, 'Rice & Potato Salad & Ter,mahi,kp /out', '82,68', 1, '2015-02-12 11:07:48', 1, 1, 1, '', 0),
	(451, 'lisa', 234, 23, 'Rice & Coleslaw & Kp ma ter', '82,69', 1, '2015-02-12 11:07:48', 1, 1, 1, '', 0),
	(452, 'lisa', 235, 40, 'Red & In', '88', 1, '2015-02-12 11:09:27', 1, 1, 1, '', 0),
	(453, 'lisa', 236, 6, 'Rice & Coleslaw &', '82,69', 1, '2015-02-12 11:11:12', 1, 1, 1, '', 0),
	(454, 'lisa', 237, 123, 'Ot', '', 1, '2015-02-12 11:34:48', 1, 1, 1, '', 0),
	(455, 'lisa', 238, 13, 'Rice & Mac Salad & In', '82,83', 1, '2015-02-12 11:59:17', 1, 1, 1, '', 0),
	(456, 'lisa', 239, 10, 'Rice & Potato Salad & In', '82,68', 1, '2015-02-12 15:07:43', 1, 1, 1, '', 0),
	(457, '6235058106', 240, 7, 'Rice & Coleslaw &', '82,69', 1, '2015-02-13 11:31:48', 0, 1, 1, '', 0),
	(458, 'corey', 241, 10, 'Rice & Potato Salad & Si', '82,68', 1, '2015-02-14 10:03:58', 0, 1, 1, '', 0),
	(459, 'corey', 242, 10, 'Rice & Coleslaw & O', '82,69', 1, '2015-02-14 10:07:03', 0, 1, 1, '', 0),
	(460, 'corey', 243, 10, 'Rice & Coleslaw & O', '82,69', 1, '2015-02-14 10:08:35', 1, 1, 1, '', 0),
	(461, 'corey', 244, 9, 'Rice & Coleslaw & I', '82,69', 1, '2015-02-14 10:10:02', 1, 1, 1, '', 0),
	(462, 'corey', 245, 9, 'Rice & Potato Salad & O', '82,68', 1, '2015-02-14 10:23:18', 1, 1, 1, '', 0),
	(463, 'corey', 246, 10, 'Rice & Coleslaw &', '82,69', 1, '2015-02-14 10:29:51', 1, 1, 1, '', 0),
	(464, 'test', 247, 9, 'Rice & Coleslaw &', '82,69', 1, '2015-02-14 10:59:42', 1, 1, 1, '', 0),
	(465, 'testcustomer', 248, 3, 'Rice & Coleslaw & test2', '82,69', 1, '2015-02-17 10:42:13', 0, 1, 1, '', 0),
	(466, 'testcustomer', 248, 2, 'Rice & Mac Salad & test', '82,83', 1, '2015-02-17 10:42:13', 0, 1, 1, '', 0),
	(467, 'testcustomer', 249, 1, 'Rice & Coleslaw & test3', '82,69', 1, '2015-02-17 10:45:47', 0, 1, 1, '', 0),
	(468, 'undefined', 250, 2, 'Potato Salad & Can I please get brocolli instead of rice please', '68', 1, '2015-02-18 11:22:46', 0, 1, 1, '', 0),
	(469, '434434', 251, 4, 'Rice & Mac Salad &', '82,83', 1, '2015-02-20 07:20:13', 0, 1, 0, '', 0),
	(470, '434434', 251, 1, 'Rice & Potato Salad & test', '82,68', 1, '2015-02-20 07:20:13', 0, 1, 1, '', 0),
	(471, '434434', 252, 3, 'Rice & Potato Salad &', '82,68', 1, '2015-02-20 07:21:30', 0, 1, 1, '', 0),
	(472, '434434', 253, 2, 'Rice & Mac Salad & test', '82,83', 1, '2015-02-20 07:23:37', 0, 1, 1, '', 0),
	(473, '434434', 254, 3, 'Rice & Potato Salad & test', '82,68', 1, '2015-02-20 07:40:35', 0, 1, 1, '', 0),
	(474, '434434', 255, 1, 'Rice & Coleslaw & test', '82,69', 1, '2015-02-20 07:47:58', 0, 1, 1, '', 0),
	(475, '434434', 256, 6, 'Rice &', '82', 1, '2015-02-20 07:49:36', 0, 1, 1, '', 0),
	(476, '434434', 257, 3, 'Rice & Coleslaw & add', '82,69', 1, '2015-02-20 07:59:31', 0, 1, 1, '', 0),
	(477, '434434', 258, 1, 'Rice & Mac Salad &', '82,83', 1, '2015-02-20 08:11:45', 0, 1, 1, '', 0),
	(478, '434434', 259, 4, 'Rice & Potato Salad & Rice & Potato Salad &', '82,68', 2, '2015-02-20 08:22:00', 0, 1, 1, '', 0),
	(479, '434434', 259, 4, 'Rice & Potato Salad &', '82,68', 1, '2015-02-20 08:22:00', 0, 1, 1, '', 0),
	(480, '434434', 260, 1, 'Rice & Potato Salad &', '82,68', 1, '2015-02-20 08:23:10', 0, 1, 1, '', 0),
	(481, '434434', 261, 3, 'Rice & Potato Salad &', '82,68', 1, '2015-02-20 08:56:51', 0, 1, 1, '', 0),
	(482, '434434', 262, 1, 'Rice & Potato Salad & test', '82,68', 1, '2015-02-20 09:20:14', 0, 1, 1, '', 0),
	(483, '434434', 263, 3, 'Rice & Potato Salad &', '82,68', 1, '2015-02-20 09:23:58', 0, 1, 1, '', 0),
	(484, '434434', 264, 3, 'Rice & Potato Salad &', '82,68', 1, '2015-02-20 09:27:20', 0, 1, 1, '', 0),
	(485, '434434', 265, 2, 'Rice & Potato Salad &', '82,68', 1, '2015-02-20 09:38:16', 0, 1, 1, '', 0),
	(486, '434434', 266, 2, 'Rice & Potato Salad &', '82,68', 1, '2015-02-20 09:45:03', 0, 1, 1, '', 0),
	(487, '434434', 267, 2, 'Rice & Potato Salad &', '82,68', 1, '2015-02-20 09:47:50', 0, 1, 1, '', 0),
	(488, '434434', 268, 1, 'Rice & Potato Salad &', '82,68', 1, '2015-02-20 09:50:26', 0, 1, 1, '', 0),
	(489, '434434', 269, 3, 'Rice & Potato Salad &', '82,68', 2, '2015-02-20 09:52:52', 0, 1, 1, '', 0),
	(490, '434434', 270, 4, 'Rice & Potato Salad &', '82,68', 1, '2015-02-20 09:59:37', 0, 1, 1, '', 0),
	(491, 'test', 271, 1, 'Rice & Potato Salad & test', '82,68', 1, '2015-02-20 11:18:06', 0, 1, 1, '', 0),
	(492, 'test', 271, 1, 'Rice & Mac Salad & test2', '82,83', 1, '2015-02-20 11:18:06', 0, 1, 1, '', 0),
	(493, 'test', 272, 1, 'Rice & Potato Salad & test Rice & Potato Salad & test', '82,68', 2, '2015-02-20 11:53:17', 1, 1, 1, '', 0),
	(494, 'test', 273, 8, 'Rice & test2', '82', 1, '2015-02-20 11:54:43', 1, 1, 1, '', 0),
	(495, 'test', 273, 1, 'Rice & Potato Salad & test2', '82,68', 1, '2015-02-20 11:54:43', 1, 1, 1, '', 0),
	(496, 'test', 274, 1, 'Rice & Coleslaw & test', '82,69', 1, '2015-02-20 13:01:08', 1, 1, 1, '', 0),
	(497, 'test', 275, 2, 'Rice & test3', '82', 1, '2015-02-20 13:01:41', 1, 1, 1, '', 0),
	(498, '258852', 276, 4, 'Potato Salad &', '68', 1, '2015-02-20 20:52:05', 1, 1, 1, '', 0),
	(499, '6028039802', 277, 23, 'Potato Salad & Coleslaw &', '68,69', 1, '2015-02-24 11:28:51', 0, 1, 1, '', 0),
	(500, '6028039802', 277, 31, '', '', 1, '2015-02-24 11:28:51', 0, 1, 1, '', 0),
	(501, '6232029463', 278, 83, ' ', '', 2, '2015-02-27 10:03:13', 0, 1, 1, '', 0),
	(502, '6232029463', 278, 18, ' ', '', 2, '2015-02-27 10:03:13', 0, 1, 1, '', 0),
	(503, '6232029463', 278, 17, 'Rice & Mac Salad & extra mac salad', '82,83', 1, '2015-02-27 10:03:13', 0, 1, 1, '', 0),
	(504, '6023186811', 279, 3, 'Rice & Mac Salad &', '82,83', 1, '2015-02-27 10:07:01', 0, 1, 1, '', 0),
	(505, '6023186811', 279, 202, '', '', 1, '2015-02-27 10:07:01', 0, 1, 1, '', 0),
	(506, 'test', 280, 1, 'Rice & Mac Salad & test', '82,83', 1, '2015-03-27 09:14:48', 1, 1, 1, '', 0),
	(507, 'test', 280, 1, 'Rice & Mac Salad & test Rice & Mac Salad & test', '82,83', 2, '2015-03-27 09:14:48', 1, 1, 1, '', 0),
	(508, '623-695-1409', 281, 1, 'Rice & Mac Salad &', '82,83', 1, '2015-04-16 11:46:44', 0, 1, 1, '', 0),
	(509, '18085541582', 282, 1, 'c', '', 0, '2015-07-28 10:02:35', 1, 1, 1, '', 0),
	(510, '18085541582', 283, 10, 'm', '', 0, '2015-07-30 18:10:50', 1, 1, 1, '', 0),
	(511, '6238691019', 284, 18, '', '', 1, '2015-08-12 11:28:55', 0, 1, 1, '', 0),
	(512, '6024466320', 285, 18, '', '', 2, '2015-08-17 18:09:03', 0, 1, 1, '', 0),
	(513, '6024466320', 285, 91, '', '', 1, '2015-08-17 18:09:03', 0, 1, 1, '', 0),
	(514, '623-878-3553', 286, 18, '', '', 1, '2015-08-28 11:30:10', 0, 1, 1, '', 0),
	(515, '480-650-6325', 287, 7, 'Mac Salad & Coleslaw &', '83,69', 1, '2015-09-02 16:57:22', 0, 1, 1, '', 0),
	(516, '480-650-6325', 287, 8, 'Mac Salad & Coleslaw &', '83,69', 1, '2015-09-02 16:57:22', 0, 1, 0, '', 0),
	(517, '480-650-6325', 287, 30, '', '', 1, '2015-09-02 16:57:22', 0, 1, 1, '', 0),
	(518, '480-650-6325', 287, 31, '', '', 1, '2015-09-02 16:57:22', 0, 1, 1, '', 0),
	(519, '480-650-6325', 287, 90, '', '', 1, '2015-09-02 16:57:22', 0, 1, 1, '', 0),
	(520, '480-650-6325', 287, 13, 'Rice & Mac Salad &', '82,83', 1, '2015-09-02 16:57:22', 0, 1, 1, '', 0),
	(521, '7605009741', 288, 9, 'Mac Salad &', '83', 1, '2015-09-18 10:31:15', 0, 1, 1, '', 0),
	(522, '7605009741', 288, 11, '', '', 1, '2015-09-18 10:31:15', 0, 1, 1, '', 0),
	(523, '7605009741', 288, 13, 'Mac Salad & PLEASE AD AN EXTRA SIDE OF SAUCE', '83', 1, '2015-09-18 10:31:15', 0, 1, 1, '', 0),
	(524, '7605009741', 288, 90, '', '', 1, '2015-09-18 10:31:15', 0, 1, 1, '', 0),
	(525, '18085541582', 289, 1, 'c', '', 0, '2015-09-23 17:21:32', 1, 1, 1, '', 0),
	(526, '623-878-3553', 290, 18, '', '', 1, '2015-09-28 11:22:18', 0, 1, 1, '', 0),
	(527, '623-878-3553', 290, 8, 'Rice & Mac Salad &', '82,83', 1, '2015-09-28 11:22:18', 0, 1, 1, '', 0),
	(528, '480-845-3319', 291, 1, 'Rice & Mac Salad &', '82,83', 1, '2015-10-08 11:34:17', 0, 1, 1, '', 0),
	(529, 'test', 292, 121, 'test', '', 1, '2015-10-09 07:16:22', 0, 1, 1, '', 0),
	(530, 'test', 292, 1, 'Rice & Potato Salad & test', '82,68', 1, '2015-10-09 07:16:22', 0, 1, 1, '', 0),
	(531, 'test', 292, 1, 'Rice & Coleslaw & spicy', '82,69', 1, '2015-10-09 07:16:22', 0, 1, 1, '', 0),
	(532, 'test', 292, 3, 'Rice & Mac Salad & no onions', '82,83', 1, '2015-10-09 07:16:22', 0, 1, 1, '', 0),
	(533, 'test2', 293, 122, 'test2', '', 1, '2015-10-09 07:56:32', 0, 1, 1, '', 0),
	(534, 'test4', 294, 123, 'test 4', '', 1, '2015-10-09 09:04:49', 0, 1, 1, '', 0),
	(535, '18085541582', 295, 12, '', '', 0, '2015-10-12 10:53:44', 1, 1, 1, '', 0),
	(536, 'test', 296, 3, 'Rice & Mac Salad & Rice & Mac Salad &', '82,83', 2, '2015-10-16 03:27:22', 0, 1, 1, '', 0),
	(537, 'testing', 297, 9, 'Rice & Mac Salad &', '82,83', 1, '2015-10-16 03:52:20', 0, 1, 1, '', 0),
	(538, 'testing', 297, 10, 'Mac Salad & Coleslaw & testing', '83,69', 1, '2015-10-16 03:52:20', 0, 1, 1, '', 0),
	(539, 'testing', 298, 6, 'Coleslaw & test', '69', 1, '2015-10-16 05:06:17', 0, 1, 1, '', 0),
	(540, 'testing', 299, 2, '& &', '', 2, '2015-10-17 05:25:39', 0, 1, 1, '', 0),
	(541, '8105136914', 300, 90, '', '', 1, '2015-10-20 11:48:56', 0, 1, 1, '', 0),
	(542, '8105136914', 300, 102, '', '', 2, '2015-10-20 11:48:56', 0, 1, 1, '', 0),
	(543, '8105136914', 300, 14, 'Rice & Mac Salad &', '82,83', 1, '2015-10-20 11:48:56', 0, 1, 1, '', 0),
	(544, '6024601223', 301, 14, 'Rice & Mac Salad &', '82,83', 1, '2015-11-03 17:20:34', 0, 1, 1, '', 0),
	(545, '6024601223', 301, 47, 'Rice &', '82', 1, '2015-11-03 17:20:34', 0, 1, 1, '', 0),
	(580, 'Indoor', 500, 2, 'Rice & Mac Salad &', '', 1, '2015-11-10 23:12:34', 1, 1, 1, '', 7),
	(581, 'Indoor', 500, 2, '', '', 1, '2015-11-11 00:15:46', 1, 1, 1, '', 7),
	(582, 'Indoor', 500, 4, '&', '', 1, '2015-11-11 00:15:46', 1, 1, 1, '', 9),
	(583, 'testphone', 501, 3, 'Rice & test1 Rice & test1', '82', 2, '2015-12-18 00:59:18', 0, 1, 1, '', 0),
	(584, 'testphone', 501, 6, 'Mac Salad & test2', '83', 1, '2015-12-18 00:59:18', 0, 1, 1, '', 0),
	(585, 'testphone', 501, 3, 'Mac Salad & test2', '83', 1, '2015-12-18 00:59:18', 0, 1, 1, '', 0),
	(586, '6024601223', 502, 14, 'Rice & Just rice for this one too.', '82', 1, '2015-12-27 16:18:44', 0, 1, 1, '', 0),
	(587, '6024601223', 502, 14, 'Rice & Just rice for side is fine.', '82', 1, '2015-12-27 16:18:44', 0, 1, 0, '', 0),
	(588, 'test', 503, 1, 'Mac Salad &', '83', 1, '2015-12-31 16:06:18', 0, 1, 1, '', 0),
	(589, 'test', 503, 2, 'Mac Salad & Coleslaw & Make it spicy', '83,69', 1, '2015-12-31 16:06:18', 0, 1, 1, '', 0),
	(590, 'test', 503, 8, 'Rice & No chilli', '82', 1, '2015-12-31 16:06:18', 0, 1, 1, '', 0),
	(591, 'test', 503, 2, 'Coleslaw &', '69', 1, '2015-12-31 16:06:18', 0, 1, 1, '', 0),
	(592, 'test', 503, 1, 'Rice & spicy', '82', 1, '2015-12-31 16:06:18', 0, 1, 1, '', 0),
	(593, 'test', 503, 14, 'Coleslaw &', '69', 1, '2015-12-31 16:06:18', 0, 1, 1, '', 0),
	(594, 'test', 503, 1, '& test', '', 1, '2015-12-31 16:06:18', 0, 1, 1, '', 0),
	(595, 'test', 503, 102, 'test', '', 1, '2015-12-31 16:06:18', 0, 1, 1, '', 0),
	(596, 'test2', 504, 1, 'Mac Salad & test2', '83', 1, '2016-01-10 06:30:57', 0, 1, 0, '', 0),
	(597, 'Indoor', 505, 2, 'Mac Salad &', '83', 1, '2016-01-19 00:27:33', 0, 1, 1, '1', 0),
	(598, 'test', 506, 101, 'test2', '', 1, '2016-01-21 13:56:09', 0, 1, 1, '', 0),
	(599, 'test', 506, 100, 'Coke & test1', '84', 1, '2016-01-21 13:56:09', 0, 1, 1, '', 0),
	(600, 'test', 506, 104, '', '', 1, '2016-01-21 13:56:09', 0, 1, 1, '', 0),
	(601, 'test', 506, 8, 'Rice &', '82', 1, '2016-01-21 13:56:09', 0, 1, 1, '', 0),
	(604, 'Indoor', 509, 1, 'Rice & test1', '82', 1, '2016-01-25 09:34:50', 0, 1, 1, '1', 0),
	(603, 'Indoor', 508, 3, 'Rice & Mac Salad & test', '82,83', 1, '2016-01-25 04:10:05', 0, 1, 1, '1', 0),
	(605, 'Indoor', 509, 2, 'Mac Salad & test2', '83', 1, '2016-01-25 09:34:50', 0, 1, 1, '1', 0),
	(614, 'Indoor', 517, 18, '', '', 1, '2016-01-25 12:29:41', 0, 1, 1, '1', 0),
	(615, 'Indoor', 518, 8, 'Rice &', '82', 1, '2016-01-25 12:45:28', 0, 1, 1, '1', 0),
	(616, 'Indoor', 519, 105, 'test', '', 1, '2016-01-25 12:49:01', 0, 1, 1, '1', 0),
	(617, 'Indoor', 520, 105, 'test', '', 1, '2016-01-25 12:50:01', 0, 1, 1, '1', 0),
	(618, 'Indoor', 521, 10, 'Rice & test', '82', 1, '2016-01-25 12:52:01', 0, 1, 1, '1', 0),
	(619, 'Indoor', 522, 10, 'Rice & test', '82', 1, '2016-01-25 13:01:53', 0, 1, 1, '1', 0),
	(612, '7024438201', 516, 106, '', '', 1, '2016-01-25 12:00:03', 0, 1, 1, '', 0),
	(613, '7024438201', 516, 21, '', '', 2, '2016-01-25 12:00:03', 0, 1, 0, '', 0),
	(620, 'Indoor', 523, 44, 'Green &', '89', 1, '2016-01-25 13:04:43', 0, 1, 1, '1', 0),
	(621, 'Indoor', 524, 40, 'Red &', '88', 1, '2016-01-25 13:08:24', 0, 1, 1, '1', 0),
	(622, 'Indoor', 525, 1, 'Rice & test', '82', 1, '2016-01-25 14:06:48', 0, 1, 1, '1', 0),
	(623, 'test', 526, 1, 'Rice & test2', '82', 1, '2016-01-26 09:27:25', 0, 1, 1, '', 0),
	(624, 'test', 526, 20, 'test7 test7', '', 2, '2016-01-26 09:27:25', 0, 1, 1, '', 0),
	(625, 'Indoor', 527, 1, 'Mac Salad & test2', '83', 1, '2016-01-26 09:36:04', 0, 1, 0, '1', 0),
	(626, 'Indoor', 528, 2, 'Coleslaw &', '69', 1, '2016-01-26 09:37:50', 0, 1, 1, '1', 0),
	(627, 'test', 529, 100, '7Up &', '85', 1, '2016-01-26 09:40:32', 0, 1, 1, '', 0),
	(628, 'test', 530, 11, 'test', '', 1, '2016-02-01 09:27:40', 0, 1, 1, '', 0),
	(629, 'test', 530, 10, 'Coleslaw & test', '69', 1, '2016-02-01 09:27:40', 0, 1, 1, '', 0),
	(630, 'Indoor', 531, 3, 'Rice & test3', '82', 1, '2016-02-01 09:37:55', 0, 1, 1, '1', 0),
	(631, 'Indoor', 532, 1, 'Rice &', '82', 1, '2016-02-01 09:47:05', 0, 1, 1, '1', 0),
	(632, 'Indoor', 533, 8, 'Rice & test3', '82', 1, '2016-02-01 09:53:43', 0, 1, 1, '1', 0),
	(633, 'test', 534, 12, 'Mac Salad &', '83', 1, '2016-02-01 10:00:26', 0, 1, 1, '', 0),
	(634, 'test', 535, 1, 'Rice & test test', '82', 1, '2016-02-01 10:05:24', 0, 1, 1, '', 0),
	(635, '9804361575', 536, 5, '', '', 1, '2016-02-05 00:27:14', 0, 1, 1, '', 0),
	(636, '9804361575', 536, 1, 'Mac Salad &', '83', 1, '2016-02-05 00:27:14', 0, 1, 0, '', 0),
	(637, '9804361575', 536, 6, 'Rice & test', '82', 1, '2016-02-05 00:27:14', 0, 1, 0, '', 0),
	(638, '9804361575', 537, 5, 'test', '', 1, '2016-02-05 00:31:32', 0, 1, 0, '', 0),
	(639, '9804361575', 538, 7, 'Rice & Mac Salad & test', '82,83', 1, '2016-02-05 00:35:34', 0, 1, 0, '', 0),
	(640, '9804361575', 539, 10, 'Rice & test', '82', 1, '2016-02-05 00:47:47', 0, 1, 0, '', 0),
	(641, '9804361575', 540, 4, 'Rice & test', '82', 2, '2016-02-05 01:37:15', 0, 1, 0, '', 0),
	(642, '9804361575', 541, 3, 'Rice & test', '82', 1, '2016-02-05 01:42:05', 0, 1, 0, '', 0),
	(643, '9804361575', 542, 3, 'Rice & test', '82', 4, '2016-02-05 03:04:17', 0, 1, 0, '', 0),
	(644, '9804361575', 543, 9, 'Rice & test', '82', 1, '2016-02-05 03:52:41', 0, 1, 0, '', 0),
	(645, '9804361575', 544, 8, 'Rice & test', '82', 1, '2016-02-05 03:59:58', 0, 1, 0, '', 0),
	(646, '9804361575', 545, 3, 'Rice & test', '82', 1, '2016-02-05 04:03:01', 0, 1, 0, '', 0),
	(647, '9804361575', 546, 6, 'Rice &', '82', 1, '2016-02-05 04:13:56', 0, 1, 0, '', 0),
	(648, '9804361575', 547, 5, 'test', '', 2, '2016-02-05 04:24:12', 0, 1, 0, '', 0),
	(649, '9804361575', 548, 3, 'Rice &', '82', 1, '2016-02-05 04:29:33', 0, 1, 0, '', 0),
	(650, 'Indoor', 549, 4, 'Rice & test', '82', 1, '2016-02-05 04:31:57', 0, 1, 1, '1', 0),
	(651, 'Indoor', 550, 6, 'Rice & Mac Salad & test23', '82,83', 1, '2016-02-05 04:35:43', 0, 1, 1, '1', 0),
	(652, '9804361575', 551, 8, 'Rice & Mac Salad &', '82,83', 1, '2016-02-05 04:37:45', 0, 1, 0, '', 0),
	(653, '9804361575', 552, 9, 'Rice & test', '82', 1, '2016-02-05 04:58:12', 0, 1, 0, '', 0),
	(654, '9804361575', 553, 8, 'Rice & Mac Salad & test', '82,83', 1, '2016-02-05 05:00:08', 0, 1, 0, '', 0),
	(655, '9804361575', 554, 40, 'Green & TEST', '89', 1, '2016-02-05 05:03:36', 0, 1, 0, '', 0),
	(657, 'Indoor', 556, 2, 'Rice & test2', '82', 1, '2016-02-10 10:05:35', 0, 1, 1, '1', 0),
	(656, 'Indoor', 555, 4, 'Rice & test', '82', 1, '2016-02-05 11:52:04', 0, 1, 1, '1', 0),
	(658, 'Indoor', 557, 2, 'Mac Salad & test3', '83', 1, '2016-02-10 10:12:03', 0, 1, 1, '1', 0),
	(659, 'test', 558, 2, 'Mac Salad & test3 Mac Salad & test3', '83', 2, '2016-02-10 10:13:05', 0, 1, 1, '', 0),
	(660, 'test', 558, 2, 'Rice & test2', '82', 1, '2016-02-10 10:13:05', 0, 1, 1, '', 0),
	(661, 'test', 558, 2, 'Rice & test2 Rice & test2', '82', 2, '2016-02-10 10:13:05', 0, 1, 1, '', 0),
	(662, 'Indoor', 559, 6, 'Coleslaw & test5', '69', 1, '2016-02-10 10:16:51', 0, 1, 1, '1', 0),
	(663, 'test', 560, 8, 'Mac Salad & test9', '83', 1, '2016-02-10 10:33:24', 0, 1, 1, '', 0),
	(664, 'Indoor', 561, 5, 'test10', '', 1, '2016-02-10 10:35:01', 0, 1, 1, '1', 0),
	(665, 'Indoor', 562, 5, 'test10', '', 1, '2016-02-10 10:37:54', 0, 1, 1, '1', 0),
	(666, '9804361575', 563, 8, 'Rice & test', '82', 2, '2016-02-10 13:30:52', 0, 1, 1, '', 0),
	(667, '623-878-3553', 564, 30, '', '', 1, '2016-02-16 11:43:12', 0, 1, 1, '', 0),
	(668, '4803941436', 565, 300, '', '', 1, '2016-02-20 15:42:47', 0, 1, 1, '', 0),
	(669, '4803941436', 565, 83, '', '', 1, '2016-02-20 15:42:47', 0, 1, 1, '', 0),
	(670, '4803941436', 565, 30, '', '', 1, '2016-02-20 15:42:47', 0, 1, 1, '', 0),
	(671, '4803941436', 565, 21, '', '', 1, '2016-02-20 15:42:47', 0, 1, 1, '', 0),
	(672, '4803941436', 565, 9, 'Rice & Mac Salad &', '82,83', 1, '2016-02-20 15:42:47', 0, 1, 1, '', 0),
	(673, '4802134606', 566, 13, 'Rice &', '82', 1, '2016-02-23 11:57:38', 0, 1, 1, '', 0),
	(674, '16024185126', 567, 21, '', '', 2, '2016-03-03 17:22:47', 0, 1, 1, '', 0),
	(675, '16024185126', 567, 14, 'Rice & Mac Salad &', '82,83', 1, '2016-03-03 17:22:47', 0, 1, 1, '', 0),
	(676, '16024185126', 567, 11, '', '', 1, '2016-03-03 17:22:47', 0, 1, 1, '', 0),
	(677, '16024185126', 567, 8, 'Rice & Coleslaw &', '82,69', 1, '2016-03-03 17:22:47', 0, 1, 1, '', 0),
	(678, '6024601223', 568, 14, 'Rice & Mac Salad &', '82,83', 1, '2016-03-15 15:28:38', 0, 1, 1, '', 0),
	(679, '6024601223', 568, 14, 'Rice &', '82', 1, '2016-03-15 15:28:38', 0, 1, 1, '', 0),
	(680, '7146548140', 569, 106, '', '', 1, '2016-03-16 18:47:24', 0, 1, 1, '', 0),
	(681, '7146548140', 569, 10, 'Rice & Coleslaw &', '82,69', 1, '2016-03-16 18:47:24', 0, 1, 1, '', 0),
	(682, '7146548140', 569, 91, '', '', 1, '2016-03-16 18:47:24', 0, 1, 1, '', 0),
	(683, '6238783553', 570, 18, '', '', 2, '2016-03-29 11:45:48', 0, 1, 1, '', 0),
	(684, '6027029107', 571, 21, ' ', '', 2, '2016-04-12 12:50:34', 0, 1, 1, '', 0),
	(685, '6027029107', 571, 13, 'Rice & Mac Salad & Rice & Mac Salad &', '82,83', 2, '2016-04-12 12:50:34', 0, 1, 1, '', 0),
	(686, '1-602-882-4202', 572, 3, 'Rice & Coleslaw &', '82,69', 1, '2016-04-15 16:18:11', 0, 1, 1, '', 0),
	(687, '1-602-882-4202', 572, 15, 'Rice & Mac Salad &', '82,83', 1, '2016-04-15 16:18:11', 0, 1, 1, '', 0),
	(688, '1-602-882-4202', 572, 7, 'Rice & Mac Salad &', '82,83', 1, '2016-04-15 16:18:11', 0, 1, 1, '', 0),
	(689, 'Indoor', 573, 2, 'Rice & Mac Salad & test', '82,83', 1, '2016-05-10 10:55:25', 0, 1, 1, '1', 0),
	(690, 'Indoor', 574, 5, '', '', 1, '2016-05-10 11:12:29', 0, 1, 1, '1', 0),
	(691, '4808185861', 575, 18, '', '', 1, '2016-05-19 11:27:22', 0, 1, 1, '', 0),
	(692, '4808185861', 575, 106, '', '', 1, '2016-05-19 11:27:22', 0, 1, 1, '', 0),
	(693, '4808185861', 575, 2, 'Rice & Mac Salad &', '82,83', 1, '2016-05-19 11:27:22', 0, 1, 1, '', 0),
	(694, 'Indoor', 576, 7, 'Rice & Mac Salad & test', '82,83', 3, '2016-05-19 11:45:28', 0, 1, 1, '1', 0),
	(695, 'Indoor', 577, 1, 'Rice & test1', '82', 1, '2016-05-20 11:04:51', 0, 1, 1, '1', 0),
	(696, 'Indoor', 577, 2, 'Mac Salad & test2', '83', 1, '2016-05-20 11:04:51', 0, 1, 1, '1', 0),
	(697, 'Indoor', 578, 10, 'Rice &', '82', 1, '2016-05-20 11:07:37', 0, 1, 1, '1', 0),
	(698, '4126075386', 579, 30, '', '', 1, '2016-08-26 18:51:25', 0, 1, 1, '', 0),
	(699, '4126075386', 579, 3, 'Rice &', '82', 1, '2016-08-26 18:51:25', 0, 1, 1, '', 0),
	(700, '4126075386', 579, 31, '', '', 1, '2016-08-26 18:51:25', 0, 1, 1, '', 0),
	(701, '4126075386', 579, 7, 'Coleslaw &', '69', 1, '2016-08-26 18:51:25', 0, 1, 1, '', 0),
	(702, '4126075386', 579, 91, '', '', 1, '2016-08-26 18:51:25', 0, 1, 1, '', 0),
	(703, '4126075386', 579, 2, 'Rice &', '82', 1, '2016-08-26 18:51:25', 0, 1, 1, '', 0),
	(704, '623-878-3553', 580, 18, '', '', 2, '2016-08-30 11:12:44', 0, 1, 1, '', 0),
	(705, '6026253660', 581, 104, '', '', 1, '2016-08-31 12:42:38', 0, 1, 0, '', 0),
	(706, '6026253660', 581, 23, 'Rice & Mac Salad &', '82,83', 1, '2016-08-31 12:42:38', 0, 1, 1, '', 0);
/*!40000 ALTER TABLE `ordersPaid` ENABLE KEYS */;

-- Dumping structure for table myorders.payments
CREATE TABLE IF NOT EXISTS `payments` (
  `id` int(11) NOT NULL auto_increment,
  `phone` varchar(200) NOT NULL,
  `invoicenum` varchar(200) NOT NULL,
  `date` timestamp NOT NULL default CURRENT_TIMESTAMP,
  PRIMARY KEY  (`id`)
) ENGINE=MyISAM AUTO_INCREMENT=227 DEFAULT CHARSET=utf8;

-- Dumping data for table myorders.payments: 226 rows
/*!40000 ALTER TABLE `payments` DISABLE KEYS */;
INSERT IGNORE INTO `payments` (`id`, `phone`, `invoicenum`, `date`) VALUES
	(1, '123', '20131126140435', '2013-11-26 14:05:01'),
	(2, '123', '20131126141148', '2013-11-26 14:12:22'),
	(3, '123', '20131126141421', '2013-11-26 14:14:32'),
	(4, '123', '20131126143447', '2013-11-26 14:34:52'),
	(5, '123', '20131126144455', '2013-11-26 14:45:05'),
	(6, '18085541582', '20131126154627', '2013-11-26 15:48:32'),
	(7, '18085541582', '20131203023808', '2013-12-03 02:42:16'),
	(8, '18085541582', '20131203105310', '2013-12-03 10:55:02'),
	(9, '123', '20131207063448', '2013-12-07 06:35:19'),
	(10, '18085541582', '20131210072608', '2013-12-10 07:30:18'),
	(11, '18085541582', '20131210073541', '2013-12-10 07:36:58'),
	(12, '18085541582', '20140123043856', '2014-01-23 04:43:59'),
	(13, '18085541582', '20140124203346', '2014-01-24 20:35:47'),
	(14, '18085541582', '20140124204358', '2014-01-24 20:45:18'),
	(15, '18085541582', '20140124211023', '2014-01-24 21:12:47'),
	(16, '18085541582', '20140129075156', '2014-01-29 07:53:51'),
	(17, '18085541582', '20140129080142', '2014-01-29 08:03:04'),
	(18, '18085541582', '20140130044419', '2014-01-30 04:46:25'),
	(19, '18085541582', '32', '2014-02-12 15:27:32'),
	(20, '18085541582', '35', '2014-02-13 11:07:18'),
	(21, '18085541582', '39', '2014-02-14 08:22:20'),
	(22, '18085541582', '45', '2014-02-14 21:32:08'),
	(23, '077777', '80', '2014-10-30 06:28:37'),
	(24, '077777', '80', '2014-10-30 06:31:54'),
	(25, '077777', '80', '2014-10-30 06:37:13'),
	(26, '077777', '80', '2014-10-30 06:43:01'),
	(27, '077777', '80', '2014-10-30 06:55:40'),
	(28, '123456789', '81', '2014-10-30 07:46:51'),
	(29, '1112223333', '81', '2014-10-30 10:57:22'),
	(30, '07777777', '81', '2014-10-31 00:45:35'),
	(31, '07777777', '81', '2014-10-31 00:47:15'),
	(32, '123123123', '82', '2014-10-31 07:10:02'),
	(33, '123123123', '82', '2014-10-31 07:23:04'),
	(34, '123123123', '83', '2014-10-31 10:20:31'),
	(35, '123123123', '83', '2014-10-31 10:33:21'),
	(36, '123123123', '84', '2014-10-31 10:45:36'),
	(37, '123123123', '85', '2014-10-31 10:50:33'),
	(38, '099999', '86', '2014-10-31 12:46:50'),
	(39, '099999', '86', '2014-10-31 12:50:01'),
	(40, '123123123', '87', '2014-10-31 13:08:08'),
	(41, '9898', '87', '2014-10-31 13:16:49'),
	(42, '9898', '87', '2014-10-31 13:23:58'),
	(43, '123123123', '88', '2014-11-01 18:04:55'),
	(44, '', '88', '2014-11-01 18:21:44'),
	(45, '', '89', '2014-11-01 18:48:34'),
	(46, '0771111111', '90', '2014-11-03 00:57:59'),
	(47, '0711111111', '90', '2014-11-03 01:24:38'),
	(48, '123123123', '91', '2014-11-04 11:51:53'),
	(49, '6025500383', '92', '2014-11-04 12:27:26'),
	(50, '', '94', '2014-11-10 17:31:18'),
	(51, '', '94', '2014-11-10 18:17:09'),
	(52, '858-688-3204', '95', '2014-11-14 10:45:23'),
	(53, '123123123', '96', '2014-11-16 08:09:01'),
	(54, '6023502331', '97', '2014-11-17 17:14:23'),
	(55, '077777777', '98', '2014-11-18 10:51:16'),
	(56, '123123123', '99', '2014-11-19 07:33:11'),
	(57, '5417606367', '100', '2014-11-19 11:50:14'),
	(58, '7605009741', '101', '2014-11-21 10:45:54'),
	(59, '3154863801', '101', '2014-11-21 10:47:25'),
	(60, '858-688-3204', '103', '2014-11-28 10:51:33'),
	(61, '6028459798', '104', '2014-12-01 12:22:47'),
	(62, '88888888', '88888888', '2014-12-10 07:28:38'),
	(63, '88888888', '88888888', '2014-12-10 07:28:46'),
	(64, '88888888', '88888888', '2014-12-10 07:28:51'),
	(65, '88888888', '88888888', '2014-12-10 07:28:52'),
	(66, '88888888', '88888888', '2014-12-10 07:28:55'),
	(67, '88888888', '88888888', '2014-12-10 07:28:58'),
	(68, '88888888', '88888888', '2014-12-10 07:28:58'),
	(69, '88888888', '88888888', '2014-12-10 07:28:58'),
	(70, '88888888', '88888888', '2014-12-10 07:29:24'),
	(71, '88888888', '88888888', '2014-12-10 07:29:32'),
	(72, '88888888', '88888888', '2014-12-10 07:31:46'),
	(73, '88888888', '88888888', '2014-12-10 07:33:06'),
	(74, '88888888', '88888888', '2014-12-10 07:33:13'),
	(75, '88888888', '88888888', '2014-12-10 07:35:40'),
	(76, '88888888', '88888888', '2014-12-10 07:37:31'),
	(77, '88888888', '88888888', '2014-12-10 07:38:08'),
	(78, '88888888', '88888888', '2014-12-10 07:38:30'),
	(79, '88888888', '88888888', '2014-12-10 07:39:13'),
	(80, '88888888', '88888888', '2014-12-10 07:41:24'),
	(81, '88888888', '88888888', '2014-12-10 07:42:38'),
	(82, '88888888', '88888888', '2014-12-10 07:44:01'),
	(83, '88888888', '88888888', '2014-12-10 07:46:44'),
	(84, '88888888', '88888888', '2014-12-10 07:53:17'),
	(85, '88888888', '88888888', '2014-12-10 07:58:49'),
	(86, '88888888', '88888888', '2014-12-10 08:07:29'),
	(87, '88888888', '88888888', '2014-12-10 08:08:33'),
	(88, '123123123', '123123123', '2014-12-10 08:23:28'),
	(89, '123123123', '123123123', '2014-12-10 08:25:09'),
	(90, '858-688-3204', '160', '2014-12-12 10:43:47'),
	(91, '369369369', '369369369', '2014-12-13 03:40:28'),
	(92, '123', '123', '2014-12-13 07:51:27'),
	(93, '123', '123', '2014-12-13 10:08:06'),
	(94, '123', '123', '2014-12-13 10:09:39'),
	(95, 'lisa', 'lisa', '2014-12-13 12:09:25'),
	(96, '18085541582', '905409', '2014-12-15 05:28:47'),
	(97, '18085541582', '994342', '2014-12-15 05:36:43'),
	(98, '123', '872819', '2014-12-16 10:23:38'),
	(99, '123', '459594', '2014-12-16 10:25:30'),
	(100, '7605009741', '191', '2014-12-19 10:51:29'),
	(101, '', '853883', '2014-12-23 06:39:46'),
	(102, '147741', '684454', '2014-12-23 06:43:24'),
	(103, 'Lisa', '707046', '2014-12-24 07:05:41'),
	(104, '223', '220497', '2014-12-24 07:08:39'),
	(105, '123123123', '980445', '2014-12-24 07:09:40'),
	(106, '5441999lisa', '237019', '2014-12-24 08:27:25'),
	(107, 'Lisa', '229196', '2014-12-24 08:35:16'),
	(108, '602350 2331', '217', '2014-12-29 12:41:13'),
	(109, 'eric', '217', '2014-12-30 11:32:49'),
	(110, 'eric', '218', '2014-12-30 11:37:18'),
	(111, 'eric', '219', '2014-12-30 12:02:38'),
	(112, 'erictest', '220', '2014-12-31 08:12:01'),
	(113, 'erictest', '221', '2014-12-31 08:13:40'),
	(114, '6154781191', '222', '2015-01-07 12:36:51'),
	(115, 'test', '222', '2015-01-07 22:10:33'),
	(116, '602-564-7770', '224', '2015-01-14 11:07:09'),
	(117, '602-564-7770', '225', '2015-01-14 11:08:09'),
	(118, '6236951409', '226', '2015-01-22 11:39:12'),
	(119, 'lisa', '369038', '2015-02-12 07:26:36'),
	(120, '6235058106', '240', '2015-02-13 11:31:48'),
	(121, 'corey', '103381', '2015-02-14 10:07:45'),
	(122, 'testcustomer', '213219', '2015-02-17 10:46:50'),
	(123, 'undefined', '250', '2015-02-18 11:22:46'),
	(124, '434434', '969370', '2015-02-20 07:22:12'),
	(125, '434434', '488213', '2015-02-20 07:41:25'),
	(126, '434434', '846781', '2015-02-20 07:52:00'),
	(127, '434434', '335937', '2015-02-20 08:19:03'),
	(128, '434434', '222517', '2015-02-20 08:19:26'),
	(129, '434434', '259483', '2015-02-20 08:20:01'),
	(130, '434434', '310274', '2015-02-20 08:23:53'),
	(131, '434434', '168825', '2015-02-20 08:42:47'),
	(132, '434434', '785144', '2015-02-20 08:57:11'),
	(133, '434434', '928342', '2015-02-20 09:21:04'),
	(134, '434434', '321318', '2015-02-20 09:24:21'),
	(135, '434434', '902178', '2015-02-20 09:27:40'),
	(136, '434434', '550358', '2015-02-20 09:38:46'),
	(137, '434434', '282815', '2015-02-20 09:45:38'),
	(138, '434434', '133709', '2015-02-20 09:48:20'),
	(139, '434434', '404165', '2015-02-20 09:50:45'),
	(140, '434434', '588552', '2015-02-20 09:53:10'),
	(141, '434434', '369334', '2015-02-20 09:59:54'),
	(142, 'test', '927298', '2015-02-20 11:18:34'),
	(143, '1480 238 0233', '277', '2015-02-24 11:27:54'),
	(144, '6028039802', '277', '2015-02-24 11:28:51'),
	(145, '6232029463', '278', '2015-02-27 10:03:13'),
	(146, '6023186811', '279', '2015-02-27 10:07:01'),
	(147, '623-695-1409', '281', '2015-04-16 11:46:44'),
	(148, '1623 565 4876', '282', '2015-07-14 11:23:00'),
	(149, '6238691019', '284', '2015-08-12 11:28:55'),
	(150, '6024466320', '285', '2015-08-17 18:09:03'),
	(151, '623-878-3553', '286', '2015-08-28 11:30:10'),
	(152, '480-650-6325', '287', '2015-09-02 16:57:22'),
	(153, '7605009741', '288', '2015-09-18 10:31:15'),
	(154, '623-878-3553', '290', '2015-09-28 11:22:18'),
	(155, '480-845-3319', '291', '2015-10-08 11:34:17'),
	(156, 'test', '292', '2015-10-09 07:16:22'),
	(157, 'test2', '293', '2015-10-09 07:56:32'),
	(158, 'test4', '294', '2015-10-09 09:04:49'),
	(159, 'test', '296', '2015-10-16 03:27:22'),
	(160, 'testing', '297', '2015-10-16 03:52:20'),
	(161, 'testing', '298', '2015-10-16 05:06:17'),
	(162, 'testing', '299', '2015-10-17 05:25:39'),
	(163, '8105136914', '300', '2015-10-20 11:48:56'),
	(164, '6024601223', '301', '2015-11-03 17:20:34'),
	(165, 'test', '1111', '2015-11-06 23:38:49'),
	(166, 'test', '1111', '2015-11-07 00:06:39'),
	(167, 'test', '302', '2015-11-07 00:16:32'),
	(168, 'test', '302', '2015-11-10 01:35:48'),
	(169, '6026863680', '501', '2015-11-17 12:41:13'),
	(170, '17024438201', '501', '2015-12-10 11:31:59'),
	(171, 'testphone', '501', '2015-12-18 00:59:18'),
	(172, '6024601223', '502', '2015-12-27 16:18:44'),
	(173, '', '503', '2015-12-31 16:00:30'),
	(174, 'test', '503', '2015-12-31 16:06:18'),
	(175, '', '504', '2016-01-01 22:53:29'),
	(176, '', '504', '2016-01-06 06:43:15'),
	(177, '', '504', '2016-01-10 06:26:42'),
	(178, 'test2', '504', '2016-01-10 06:30:57'),
	(179, 'test', '506', '2016-01-21 13:56:09'),
	(180, 'test', '507', '2016-01-21 13:59:55'),
	(181, 'test', '507', '2016-01-21 14:02:15'),
	(182, '7024438201', '516', '2016-01-25 12:00:03'),
	(183, '', '526', '2016-01-26 09:25:30'),
	(184, 'test', '526', '2016-01-26 09:27:25'),
	(185, 'test', '529', '2016-01-26 09:40:32'),
	(186, 'test', '530', '2016-01-26 09:43:04'),
	(187, 'test', '530', '2016-01-26 09:44:35'),
	(188, 'test', '530', '2016-02-01 09:27:40'),
	(189, 'test', '531', '2016-02-01 09:34:05'),
	(190, 'test', '533', '2016-02-01 09:50:46'),
	(191, 'test', '534', '2016-02-01 10:00:26'),
	(192, 'test', '535', '2016-02-01 10:05:24'),
	(193, '9804361575', '536', '2016-02-05 00:27:14'),
	(194, '9804361575', '537', '2016-02-05 00:31:32'),
	(195, '9804361575', '538', '2016-02-05 00:35:34'),
	(196, '9804361575', '539', '2016-02-05 00:47:47'),
	(197, '9804361575', '540', '2016-02-05 01:37:15'),
	(198, '9804361575', '541', '2016-02-05 01:42:05'),
	(199, '9804361575', '542', '2016-02-05 03:04:17'),
	(200, '9804361575', '543', '2016-02-05 03:52:41'),
	(201, '9804361575', '544', '2016-02-05 03:59:58'),
	(202, '9804361575', '545', '2016-02-05 04:03:01'),
	(203, '9804361575', '546', '2016-02-05 04:13:56'),
	(204, '9804361575', '547', '2016-02-05 04:24:12'),
	(205, '9804361575', '548', '2016-02-05 04:29:33'),
	(206, '9804361575', '551', '2016-02-05 04:37:45'),
	(207, '9804361575', '552', '2016-02-05 04:58:12'),
	(208, '9804361575', '553', '2016-02-05 05:00:08'),
	(209, '9804361575', '554', '2016-02-05 05:03:36'),
	(210, 'test', '558', '2016-02-10 10:13:05'),
	(211, '', '560', '2016-02-10 10:29:41'),
	(212, 'test', '560', '2016-02-10 10:33:24'),
	(213, '9804361575', '563', '2016-02-10 13:30:52'),
	(214, '623-878-3553', '564', '2016-02-16 11:43:12'),
	(215, '4803941436', '565', '2016-02-20 15:42:47'),
	(216, '4802134606', '566', '2016-02-23 11:57:38'),
	(217, '16024185126', '567', '2016-03-03 17:22:47'),
	(218, '6024601223', '568', '2016-03-15 15:28:38'),
	(219, '7146548140', '569', '2016-03-16 18:47:24'),
	(220, '6238783553', '570', '2016-03-29 11:45:48'),
	(221, '6027029107', '571', '2016-04-12 12:50:34'),
	(222, '1-602-882-4202', '572', '2016-04-15 16:18:11'),
	(223, '4808185861', '575', '2016-05-19 11:27:22'),
	(224, '4126075386', '579', '2016-08-26 18:51:25'),
	(225, '623-878-3553', '580', '2016-08-30 11:12:44'),
	(226, '6026253660', '581', '2016-08-31 12:42:38');
/*!40000 ALTER TABLE `payments` ENABLE KEYS */;

/*!40101 SET SQL_MODE=IFNULL(@OLD_SQL_MODE, '') */;
/*!40014 SET FOREIGN_KEY_CHECKS=IF(@OLD_FOREIGN_KEY_CHECKS IS NULL, 1, @OLD_FOREIGN_KEY_CHECKS) */;
/*!40101 SET CHARACTER_SET_CLIENT=@OLD_CHARACTER_SET_CLIENT */;
