<?php
	header('Content-type: text/xml');
	echo '<?xml version="1.0" encoding="UTF-8"?>';

	echo '<Response>';

	# @start snippet
	$user_pushed = (int) $_REQUEST['Digits'];
	# @end snippet

	if ($user_pushed == 1)
	{
		echo '<Dial>+16235874706</Dial>';
		echo '<say>Sorry, call failed. Try again.</say>';
		echo '<Redirect>handle-incoming-call.php</Redirect>';
	}
	elseif ($user_pushed == 2)
	{
		echo '<Say>store hours are 6 AM to 4 PM Monday to Friday. Saturday is 10 am to 3 PM. We are close on sunday.</Say>';
	}
	elseif ($user_pushed == 3)
	{
		echo '<Say>We are located at 2040 west Deer valley road in Phoenix.</Say>';
	}
	else {
		// We'll implement the rest of the functionality in the 
		// following sections.
		echo "<Say>Sorry, I can't do that yet.</Say>";
		echo '<Redirect>handle-incoming-call.php</Redirect>';
	}

	echo '</Response>';
?>